"source","target","relation","weight","symmetric","transitive"
"Error3","Kind","subClassOf","0.548387","0","0"
"isbn","identifier","subPropertyOf","0.145161","0","0"
"isbn","isbn","subPropertyOf","0.145161","0","0"
"issue","CollectedDocument","domain","1.0","0","0"
"issue","SimpleResource","domain","1.0","0","0"
"startingPage","SimpleResource","domain","1.0","0","0"
"startingPage","Document","domain","1.0","0","0"
"startingPage","number","subPropertyOf","0.145161","0","0"
"startingPage","locator","subPropertyOf","0.145161","0","0"
"startingPage","pageStart","subPropertyOf","0.145161","0","0"
"volume","Document","domain","1.0","0","0"
"volume","volume","subPropertyOf","0.145161","0","0"
"partOf","is_part_of","subPropertyOf","0.145161","0","0"
"AcademicArticle","CreativeWork","subClassOf","0.548387","0","0"
"Bill","Error1","subClassOf","0.548387","0","0"
"Bill","Resource","subClassOf","0.548387","0","0"
"EditedBook","Resource","subClassOf","0.548387","0","0"
"Film","CreativeWork","subClassOf","0.548387","0","0"
"Film","Document","subClassOf","0.548387","0","0"
"LegalDecision","LegalDocument","subClassOf","0.548387","0","0"
"LegalDocument","Document","subClassOf","0.548387","0","0"
"Manuscript","CreativeWork","subClassOf","0.548387","0","0"
"Map","Image","subClassOf","0.548387","0","0"
"Slide","Document","subClassOf","0.548387","0","0"
"Thesis","Resource","subClassOf","0.548387","0","0"
"annotates","Resource","domain","1.0","0","0"
"chapter","Error2","domain","1.0","0","0"
"chapter","Resource","domain","1.0","0","0"
"cites","Resource","domain","1.0","0","0"
"cites","Resource","range","0.629032","0","0"
"content","CreativeWork","domain","1.0","0","0"
"content","Document","domain","1.0","0","0"
"court","SimpleResource","domain","1.0","0","0"
"distributor","Agent","range","0.629032","0","0"
"distributor","Agent","range","0.629032","0","0"
"edition","Document","domain","1.0","0","0"
"editor","Agent","range","0.629032","0","0"
"editorList","Document","domain","1.0","0","0"
"editorList","Document","domain","1.0","0","0"
"issue","Document","domain","1.0","0","0"
"issuer","Agent","range","0.629032","0","0"
"issuer","Agent","range","0.629032","0","0"
"issuer","Agent","range","0.629032","0","0"
"pageEnd","CreativeWork","domain","1.0","0","0"
"pageEnd","Document","domain","1.0","0","0"
"pageStart","Document","domain","1.0","0","0"
"pages","Document","domain","1.0","0","0"
"pages","number","subPropertyOf","0.145161","0","0"
"presentedAt","Resource","domain","1.0","0","0"
"reversedBy","Error1","domain","1.0","0","0"
"section","Document","domain","1.0","0","0"
"section","Document","domain","1.0","0","0"
"section","number","subPropertyOf","0.145161","0","0"
"shortDescription","Resource","domain","1.0","0","0"
"translator","Agent","range","0.629032","0","0"
"translator","Agent","range","0.629032","0","0"
"User","UserAccount","equivalentClass","0.016129","0","0"
"avatar","OnlineAccount","domain","1.0","0","0"
"content_encoded","CreativeWork","domain","1.0","0","0"
"content_encoded","Document","domain","1.0","0","0"
"created_at","Error2","domain","1.0","0","0"
"created_at","Document","domain","1.0","0","0"
"created_at","Resource","domain","1.0","0","0"
"creator_of","OnlineAccount","domain","1.0","0","0"
"has_container","is_part_of","subPropertyOf","0.145161","0","0"
"has_creator","UserAccount","range","0.629032","0","0"
"has_host","Space","range","0.629032","0","0"
"has_host","EducationalInstitution","range","0.629032","0","0"
"has_member","OnlineAccount","range","0.629032","0","0"
"has_moderator","User","range","0.629032","0","0"
"has_owner","User","range","0.629032","0","0"
"has_parent","is_part_of","subPropertyOf","0.145161","0","0"
"num_threads","Container","domain","1.0","0","0"
"shared_by","OnlineAccount","range","0.629032","0","0"
"space_of","Space","domain","1.0","0","0"
"subject","Item","domain","1.0","0","0"
"usergroup_of","UserGroup","domain","1.0","0","0"
"ImageObject","SimpleResource","subClassOf","0.548387","0","0"
"Person","Agent","subClassOf","0.548387","0","0"
"Space","Space","subClassOf","0.548387","0","0"
"UserAccount","User","subClassOf","0.548387","0","0"
"UserGroup","Usergroup","subClassOf","0.548387","0","0"
"Annotation","Resource","subClassOf","0.548387","0","0"
"Chat","Resource","subClassOf","0.548387","0","0"
"CreateResourceActivity","Activity","subClassOf","0.548387","0","0"
"CreateUser","Activity","subClassOf","0.548387","0","0"
"DeleteResourceActivity","Activity","subClassOf","0.548387","0","0"
"Person","Person","subClassOf","0.548387","0","0"
"Person","Person","equivalentClass","0.016129","0","0"
"RDV","Error1","subClassOf","0.548387","0","0"
"RDV","Resource","subClassOf","0.548387","0","0"
"Vcard","Kind","subClassOf","0.548387","0","0"
"about_modify","Activity","domain","1.0","0","0"
"contains_forum_post","CreativeWork","range","0.629032","0","0"
"contains_forum_post","Document","range","0.629032","0","0"
"contains_forum_post","SimpleResource","range","0.629032","0","0"
"create_organization","Activity","domain","1.0","0","0"
"hasTarget","Document","domain","1.0","0","0"
"has_EndDate","Resource","domain","1.0","0","0"
"has_actor","Activity","domain","1.0","0","0"
"has_answer","SimpleResource","domain","1.0","0","0"
"has_answer","Document","domain","1.0","0","0"
"has_answer","SimpleResource","range","0.629032","0","0"
"has_answer","Document","range","0.629032","0","0"
"has_bag","Error3","domain","1.0","0","0"
"has_bag","Resource","domain","1.0","0","0"
"has_bag","Resource","range","0.629032","0","0"
"has_body_for_annotation","CreativeWork","domain","1.0","0","0"
"has_body_for_annotation","Document","domain","1.0","0","0"
"has_body_for_annotation","Document","domain","1.0","0","0"
"has_body_for_annotation","CreativeWork","range","0.629032","0","0"
"has_body_for_annotation","Document","range","0.629032","0","0"
"has_competency","Agent","domain","1.0","0","0"
"has_competency","Person","domain","1.0","0","0"
"has_contact","Agent","domain","1.0","0","0"
"has_contact","Person","domain","1.0","0","0"
"has_contact","Agent","range","0.629032","0","0"
"has_question","SimpleResource","domain","1.0","0","0"
"has_question","SimpleResource","range","0.629032","0","0"
"has_target","CreativeWork","domain","1.0","0","0"
"has_target","Document","domain","1.0","0","0"
"has_type","SimpleResource","domain","1.0","0","0"
"has_user_account","Agent","domain","1.0","0","0"
"indexed_by","Entity","range","0.629032","0","0"
"used","Activity","domain","1.0","0","0"
"was_generated_by","Entity","domain","1.0","0","0"
"view_resource","Agent","domain","1.0","0","0"
"Teacher","Agent","subClassOf","0.548387","0","0"
"consists_of","Course","domain","1.0","0","0"
"consists_of","Lesson","range","0.629032","0","0"
"contain_resource","Lesson","domain","1.0","0","0"
"contain_resource","Resource","range","0.629032","0","0"
"interacts","Agent","domain","1.0","0","0"
"interacts","Agent","domain","1.0","0","0"
"interacts","Person","domain","1.0","0","0"
"interacts","Person","domain","1.0","0","0"
"lives_in","Person","domain","1.0","0","0"
"lives_in","Person","domain","1.0","0","0"
"teaches","Agent","domain","1.0","0","0"
"works_in","Agent","domain","1.0","0","0"
"works_in","Person","domain","1.0","0","0"
"works_in","Person","domain","1.0","0","0"
"Motrain","RF_GE_Motrain","has_reference","0.266129","0","0"
"Task_about_Class_Methods_and_Constructors","RFK_L3_R5","has_reference","0.266129","0","0"
"Task_about_Class_Methods_and_Constructors","Static_Keyword","hasPreResource","0.298387","0","0"
"tbox","tbox","imports","0.008065","0","0"
"tbox","1.0","imports","0.008065","0","0"
"tbox","1.0","versionIRI","0.008065","0","0"
"Access_Modifiers","RFK_L2_R5","has_reference","0.266129","0","0"
"Access_Modifiers","Packages","hasPreResource","0.298387","0","0"
"Achievement","GameElementResource","subClassOf","0.548387","0","0"
"Active","ProcessingPole","subClassOf","0.548387","0","0"
"Active","Reflective","disjointWith","0.032258","0","0"
"Adam","Adam_Phil","has_user_account","0.024194","0","0"
"Adam","Expert","hasGamificationExperience","0.024194","0","0"
"Adam_Phil","OOPTeachers","member_of","0.024194","0","0"
"Arguments_and_parameters","Task_about_Inheritance","hasPreResource","0.298387","0","0"
"Arithmetic_operations","RFK_L1_R6","has_reference","0.266129","0","0"
"Arithmetic_operations","Stash","containsGameElement","0.120968","0","1"
"Arithmetic_operations","Task_about_Java_Basics","hasPreResource","0.298387","0","0"
"Array_of_instances","RFK_L2_R3","has_reference","0.266129","0","0"
"Array_of_instances","Class_Instance","hasPreResource","0.298387","0","0"
"Arrays","RFK_L2_R7","has_reference","0.266129","0","0"
"Audience_A","Sofia","isComposedOf","0.008065","0","0"
"Audience_A","Tom","isComposedOf","0.008065","0","0"
"BLockGame","RF_GE_BloackGame","has_reference","0.266129","0","0"
"Badge","GameElementResource","subClassOf","0.548387","0","0"
"BehaviouralObjective","Objective","subClassOf","0.548387","0","0"
"BonusPoints","Points","subClassOf","0.548387","0","0"
"BonusPointsLeaderboard","Leaderboard","subClassOf","0.548387","0","0"
"Buil-in_Data_Types","ReferenceKey1","has_reference","0.266129","0","0"
"Buil-in_Data_Types","Level_Up","containsGameElement","0.120968","0","1"
"Buil-in_Data_Types","Tiny_stash","containsGameElement","0.120968","0","1"
"Buil-in_Data_Types","PO1","designedWithObjective","0.008065","0","1"
"Buil-in_Data_Types","Participation","designedWithObjective","0.008065","0","1"
"Buil-in_Data_Types","effectively_use_the_built-in_data_types","designedWithObjective","0.008065","0","1"
"Buil-in_Data_Types","recognizing_the_properties_of_the_built-in_data_types","designedWithObjective","0.008065","0","1"
"COntentKnowledge","Knowledge","subClassOf","0.548387","0","0"
"Challenge","GameElementResource","subClassOf","0.548387","0","0"
"Class_Instance","RFK_L2_R2","has_reference","0.266129","0","0"
"Class_Instance","Class_attributes_and_functions","hasPreResource","0.298387","0","0"
"Class_Methods_and_Constructors","Task_about_Class_Methods_and_Constructors","contains","0.072581","0","0"
"Class_Methods_and_Constructors","Constructors","contains","0.072581","0","0"
"Class_Methods_and_Constructors","Function_Types","contains","0.072581","0","0"
"Class_Methods_and_Constructors","Static_Keyword","contains","0.072581","0","0"
"Class_Methods_and_Constructors","Static_functions","contains","0.072581","0","0"
"Class_Methods_and_Constructors","This_Keyword","contains","0.072581","0","0"
"Class_Methods_and_Constructors","Classes_and_Objects","hasPreLesson","0.064516","0","0"
"Class_attributes_and_functions","RFK_L2_R1","has_reference","0.266129","0","0"
"Classes_and_Objects","Access_Modifiers","contains","0.072581","0","0"
"Classes_and_Objects","Array_of_instances","contains","0.072581","0","0"
"Classes_and_Objects","Arrays","contains","0.072581","0","0"
"Classes_and_Objects","Class_Instance","contains","0.072581","0","0"
"Classes_and_Objects","Class_attributes_and_functions","contains","0.072581","0","0"
"Classes_and_Objects","Packages","contains","0.072581","0","0"
"Classes_and_Objects","Task_about_Classes_and_Objects","contains","0.072581","0","0"
"Classes_and_Objects","Java_Basics","hasPreLesson","0.064516","0","0"
"Constructors","RFK_L3_R2","has_reference","0.266129","0","0"
"Constructors","Function_Types","hasPreResource","0.298387","0","0"
"Control_Statements","RFK_L1_R4","has_reference","0.266129","0","0"
"Control_Statements","BLockGame","containsGameElement","0.120968","0","1"
"Control_Statements","Stash","containsGameElement","0.120968","0","1"
"Control_Statements","Functions","hasPreResource","0.298387","0","0"
"DataTypes","ReferenceKey1","index","0.016129","0","0"
"DataTypes","OOPCourseCommunity","is_visible_for","0.435484","0","0"
"Event_Handler_and_Listener","Event_Handler_and_Listener","contains","0.072581","0","0"
"Event_Handler_and_Listener","Event_Listeners","contains","0.072581","0","0"
"Event_Handler_and_Listener","Event_Types","contains","0.072581","0","0"
"Event_Handler_and_Listener","Events","contains","0.072581","0","0"
"Event_Handler_and_Listener","Graphical_User_Interface","hasPreLesson","0.064516","0","0"
"Event_Listeners","Event_Listeners","hasPreResource","0.298387","0","0"
"Events","Task_about_GUI","hasPreResource","0.298387","0","0"
"Exception_Handling","Exception_Types","contains","0.072581","0","0"
"Exception_Handling","Exceptions","contains","0.072581","0","0"
"Exception_Handling","Task_about_Exception_Handling","contains","0.072581","0","0"
"Exception_Handling","Try_and_Catch","contains","0.072581","0","0"
"Exception_Handling","Event_Handler_and_Listener","hasPreLesson","0.064516","0","0"
"Exceptions","Try_and_Catch","hasPreResource","0.298387","0","0"
"ExperiencePoints","SimpleResource","subClassOf","0.548387","0","0"
"ExperiencePoints","Points","subClassOf","0.548387","0","0"
"ExperiencePointsLeaderboard","SimpleResource","subClassOf","0.548387","0","0"
"ExperiencePointsLeaderboard","Leaderboard","subClassOf","0.548387","0","0"
"Extend_Keyword","RFK_L4_R1","has_reference","0.266129","0","0"
"Extend_Keyword","Task_about_Class_Methods_and_Constructors","hasPreResource","0.298387","0","0"
"Feedback","GameElementResource","subClassOf","0.548387","0","0"
"Files","Exception_Handling","hasPreResource","0.298387","0","0"
"Function_Types","RFK_L3_R1","has_reference","0.266129","0","0"
"Function_Types","Task_about_Classes_and_Objects","hasPreResource","0.298387","0","0"
"Functions","RFK_L1_R3","has_reference","0.266129","0","0"
"Functions","Stash","containsGameElement","0.120968","0","1"
"Functions","Strings","hasPreResource","0.298387","0","0"
"GUI_Elements","Task_about_Polymorphism","hasPreResource","0.298387","0","0"
"GameElementResource","SimpleResource","subClassOf","0.548387","0","0"
"GamificationExperience","Experience","subClassOf","0.548387","0","0"
"GamificationKnowledge","Knowledge","subClassOf","0.548387","0","0"
"GamifiedResource","CompositeResource","subClassOf","0.548387","0","0"
"Global","UnderstandingPole","subClassOf","0.548387","0","0"
"Global","Sequential","disjointWith","0.032258","0","0"
"Graphical_User_Interface","Creating_linked_screens","contains","0.072581","0","0"
"Graphical_User_Interface","GUI_Elements","contains","0.072581","0","0"
"Graphical_User_Interface","Java_FX","contains","0.072581","0","0"
"Graphical_User_Interface","Task_about_GUI","contains","0.072581","0","0"
"Graphical_User_Interface","Polymorphism","hasPreLesson","0.064516","0","0"
"Hint","GameElementResource","subClassOf","0.548387","0","0"
"IK2","LevelGE","index","0.016129","0","0"
"IK2","OOPCourseCommunity","is_visible_for","0.435484","0","0"
"IK_GE_BlockGame","OOPCourseCommunity","is_visible_for","0.435484","0","0"
"IK_GE_LevelUp","OOPCourseCommunity","is_visible_for","0.435484","0","0"
"IK_GE_Motrain","OOPCourseCommunity","is_visible_for","0.435484","0","0"
"IK_GE_TinyStash","OOPCourseCommunity","is_visible_for","0.435484","0","0"
"IK_GE_stash","OOPCourseCommunity","is_visible_for","0.435484","0","0"
"Inheritance","Extend_Keyword","contains","0.072581","0","0"
"Inheritance","Inheritance_vs_Composition","contains","0.072581","0","0"
"Inheritance","Multi-level_inheritance","contains","0.072581","0","0"
"Inheritance","Parent_classes","contains","0.072581","0","0"
"Inheritance","Single_level_inheritance","contains","0.072581","0","0"
"Inheritance","Super_Keyword","contains","0.072581","0","0"
"Inheritance","Task_about_Inheritance","contains","0.072581","0","0"
"Inheritance","Class_Methods_and_Constructors","hasPreLesson","0.064516","0","0"
"Inheritance_vs_Composition","RFK_L4_R5","has_reference","0.266129","0","0"
"Inheritance_vs_Composition","Super_Keyword","hasPreResource","0.298387","0","0"
"Input_and_Output_Stream","Delimiters","contains","0.072581","0","0"
"Input_and_Output_Stream","Files","contains","0.072581","0","0"
"Input_and_Output_Stream","Task_about_Input_and_Output_Streams","contains","0.072581","0","0"
"Input_and_Output_Stream","Exception_Handling","hasPreLesson","0.064516","0","0"
"Intuitive","PerceptionPole","subClassOf","0.548387","0","0"
"Intuitive","Sensitive","disjointWith","0.032258","0","0"
"JavaAccessModifiers","OOPCourseCommunity","is_visible_for","0.435484","0","0"
"JavaArgumentsParameters","OOPCourseCommunity","is_visible_for","0.435484","0","0"
"JavaArithmeticOperations","OOPCourseCommunity","is_visible_for","0.435484","0","0"
"JavaArrayOfInstances","OOPCourseCommunity","is_visible_for","0.435484","0","0"
"JavaArrays","OOPCourseCommunity","is_visible_for","0.435484","0","0"
"JavaClassAttributesFunctions","OOPCourseCommunity","is_visible_for","0.435484","0","0"
"JavaClassInstance","OOPCourseCommunity","is_visible_for","0.435484","0","0"
"JavaConstructors","OOPCourseCommunity","is_visible_for","0.435484","0","0"
"JavaDelimiters","OOPCourseCommunity","is_visible_for","0.435484","0","0"
"JavaEventListener","OOPCourseCommunity","is_visible_for","0.435484","0","0"
"JavaEventTypes","OOPCourseCommunity","is_visible_for","0.435484","0","0"
"JavaEvents","OOPCourseCommunity","is_visible_for","0.435484","0","0"
"JavaExceptionTypes","OOPCourseCommunity","is_visible_for","0.435484","0","0"
"JavaExceptions","OOPCourseCommunity","is_visible_for","0.435484","0","0"
"JavaExtend","OOPCourseCommunity","is_visible_for","0.435484","0","0"
"JavaFX","OOPCourseCommunity","is_visible_for","0.435484","0","0"
"JavaFiles","OOPCourseCommunity","is_visible_for","0.435484","0","0"
"JavaForWhile","OOPCourseCommunity","is_visible_for","0.435484","0","0"
"JavaFunctions","OOPCourseCommunity","is_visible_for","0.435484","0","0"
"JavaGUIElements","OOPCourseCommunity","is_visible_for","0.435484","0","0"
"JavaGUILinkedScreens","OOPCourseCommunity","is_visible_for","0.435484","0","0"
"JavaIOStreams","OOPCourseCommunity","is_visible_for","0.435484","0","0"
"JavaIf","OOPCourseCommunity","is_visible_for","0.435484","0","0"
"JavaInheritanceComposition","OOPCourseCommunity","is_visible_for","0.435484","0","0"
"JavaMultiInheritance","OOPCourseCommunity","is_visible_for","0.435484","0","0"
"JavaOverloadedConstructors","OOPCourseCommunity","is_visible_for","0.435484","0","0"
"JavaOverloading","OOPCourseCommunity","is_visible_for","0.435484","0","0"
"JavaOverriding","OOPCourseCommunity","is_visible_for","0.435484","0","0"
"JavaPackages","OOPCourseCommunity","is_visible_for","0.435484","0","0"
"JavaParentClass","OOPCourseCommunity","is_visible_for","0.435484","0","0"
"JavaSingleInheritance","OOPCourseCommunity","is_visible_for","0.435484","0","0"
"JavaStatic","OOPCourseCommunity","is_visible_for","0.435484","0","0"
"JavaStaticFunctions","OOPCourseCommunity","is_visible_for","0.435484","0","0"
"JavaStrings","OOPCourseCommunity","is_visible_for","0.435484","0","0"
"JavaSuper","OOPCourseCommunity","is_visible_for","0.435484","0","0"
"JavaTaskEventHandlerListener","OOPCourseCommunity","is_visible_for","0.435484","0","0"
"JavaThis","OOPCourseCommunity","is_visible_for","0.435484","0","0"
"JavaTryCatch","OOPCourseCommunity","is_visible_for","0.435484","0","0"
"JavaVariables","OOPCourseCommunity","is_visible_for","0.435484","0","0"
"Java_Basics","Arithmetic_operations","contains","0.072581","0","0"
"Java_Basics","Control_Statements","contains","0.072581","0","0"
"Java_Basics","Functions","contains","0.072581","0","0"
"Java_Basics","Loops","contains","0.072581","0","0"
"Java_Basics","Strings","contains","0.072581","0","0"
"Java_Basics","Task_about_Java_Basics","contains","0.072581","0","0"
"Java_Basics","Variables","contains","0.072581","0","0"
"Java_FX","GUI_Elements","hasPreResource","0.298387","0","0"
"JavafunctionTypes","OOPCourseCommunity","is_visible_for","0.435484","0","0"
"Leaderboard","GameElementResource","subClassOf","0.548387","0","0"
"Level","GameElementResource","subClassOf","0.548387","0","0"
"LevelGE","IK_GE_LevelUp","indexed_by","0.427419","0","0"
"Level_Up","LevelGE","has_reference","0.266129","0","0"
"Loops","RFK_L1_R5","has_reference","0.266129","0","0"
"Loops","BLockGame","containsGameElement","0.120968","0","1"
"Loops","Control_Statements","hasPreResource","0.298387","0","0"
"MathCoursesCommunity","TeacherGroupB","has_usergroup","0.008065","0","0"
"Mike","Mike_23","has_user_account","0.024194","0","0"
"Mike","Expert","hasGamificationExperience","0.024194","0","0"
"Mike_23","TeacherGroupB","member_of","0.024194","0","0"
"Multi-level_inheritance","RFK_L4_R3","has_reference","0.266129","0","0"
"Multi-level_inheritance","Level_Up","containsGameElement","0.120968","0","1"
"Multi-level_inheritance","Single_level_inheritance","hasPreResource","0.298387","0","0"
"OOPTeachers","OOPCourseCommunity","usergroup_of","0.016129","0","0"
"ObjectOrientedProgramming","Class_Methods_and_Constructors","consists_of","0.008065","0","0"
"ObjectOrientedProgramming","Classes_and_Objects","consists_of","0.008065","0","0"
"ObjectOrientedProgramming","Event_Handler_and_Listener","consists_of","0.008065","0","0"
"ObjectOrientedProgramming","Exception_Handling","consists_of","0.008065","0","0"
"ObjectOrientedProgramming","Graphical_User_Interface","consists_of","0.008065","0","0"
"ObjectOrientedProgramming","Inheritance","consists_of","0.008065","0","0"
"ObjectOrientedProgramming","Input_and_Output_Stream","consists_of","0.008065","0","0"
"ObjectOrientedProgramming","Java_Basics","consists_of","0.008065","0","0"
"ObjectOrientedProgramming","Polymorphism","consists_of","0.008065","0","0"
"ObjectOrientedProgramming","Audience_A","hasTargetAudience","0.008065","0","0"
"Overloaded_constructors","Level_Up","containsGameElement","0.120968","0","1"
"Overloading","Level_Up","containsGameElement","0.120968","0","1"
"Overloading","Arguments_and_parameters","hasPreResource","0.298387","0","0"
"Overriding","Level_Up","containsGameElement","0.120968","0","1"
"Overriding","Overloading","hasPreResource","0.298387","0","0"
"Packages","RFK_L2_R4","has_reference","0.266129","0","0"
"Packages","Array_of_instances","hasPreResource","0.298387","0","0"
"Parent_classes","RFK_L4_R7","has_reference","0.266129","0","0"
"PedagogicalExperience","Experience","subClassOf","0.548387","0","0"
"PedagogicalKnowledge","Knowledge","subClassOf","0.548387","0","0"
"PedagogicalObjective","Objective","subClassOf","0.548387","0","0"
"Points","GameElementResource","subClassOf","0.548387","0","0"
"Polymorphism","Arguments_and_parameters","contains","0.072581","0","0"
"Polymorphism","Overloaded_constructors","contains","0.072581","0","0"
"Polymorphism","Overloading","contains","0.072581","0","0"
"Polymorphism","Overriding","contains","0.072581","0","0"
"Polymorphism","Task_about_Polymorphism","contains","0.072581","0","0"
"Polymorphism","Inheritance","hasPreLesson","0.064516","0","0"
"Princeton_University","ObjectOrientedProgramming","offersCourse","0.008065","0","1"
"ProgressBar","GameElementResource","subClassOf","0.548387","0","0"
"RFK_GE_TinyStash","IK_GE_TinyStash","indexed_by","0.427419","0","0"
"RFK_L1_R1","JavaVariables","indexed_by","0.427419","0","0"
"RFK_L1_R2","JavaStrings","indexed_by","0.427419","0","0"
"RFK_L1_R3","JavaFunctions","indexed_by","0.427419","0","0"
"RFK_L1_R4","JavaIf","indexed_by","0.427419","0","0"
"RFK_L1_R5","JavaForWhile","indexed_by","0.427419","0","0"
"RFK_L1_R6","taskJavaBasics","indexed_by","0.427419","0","0"
"RFK_L1_R7","JavaArithmeticOperations","indexed_by","0.427419","0","0"
"RFK_L2_R1","JavaClassAttributesFunctions","indexed_by","0.427419","0","0"
"RFK_L2_R2","JavaClassInstance","indexed_by","0.427419","0","0"
"RFK_L2_R3","JavaArrayOfInstances","indexed_by","0.427419","0","0"
"RFK_L2_R4","JavaPackages","indexed_by","0.427419","0","0"
"RFK_L2_R5","JavaAccessModifiers","indexed_by","0.427419","0","0"
"RFK_L2_R6","TaskJavaClassesObjects","indexed_by","0.427419","0","0"
"RFK_L2_R7","JavaArrays","indexed_by","0.427419","0","0"
"RFK_L3_R1","JavaFunctions","indexed_by","0.427419","0","0"
"RFK_L3_R2","JavaConstructors","indexed_by","0.427419","0","0"
"RFK_L3_R3","JavaThis","indexed_by","0.427419","0","0"
"RFK_L3_R4","JavaStatic","indexed_by","0.427419","0","0"
"RFK_L3_R5","TaskJavaClassesMethod","indexed_by","0.427419","0","0"
"RFK_L3_R6","JavaStaticFunctions","indexed_by","0.427419","0","0"
"RFK_L4_R1","JavaExtend","indexed_by","0.427419","0","0"
"RFK_L4_R2","JavaSingleInheritance","indexed_by","0.427419","0","0"
"RFK_L4_R3","JavaMultiInheritance","indexed_by","0.427419","0","0"
"RFK_L4_R4","JavaSuper","indexed_by","0.427419","0","0"
"RFK_L4_R5","JavaInheritanceComposition","indexed_by","0.427419","0","0"
"RFK_L4_R6","TaskJavaInheritance","indexed_by","0.427419","0","0"
"RFK_L4_R7","JavaParentClass","indexed_by","0.427419","0","0"
"RFK_L5_R1","JavaArgumentsParameters","indexed_by","0.427419","0","0"
"RFK_L5_R2","JavaOverloading","indexed_by","0.427419","0","0"
"RFK_L5_R3","JavaOverriding","indexed_by","0.427419","0","0"
"RFK_L5_R4","TaskJavaPolymorphism","indexed_by","0.427419","0","0"
"RFK_L5_R5","JavaOverloadedConstructors","indexed_by","0.427419","0","0"
"RFK_L6_R1","JavaGUIElements","indexed_by","0.427419","0","0"
"RFK_L6_R2","JavaFX","indexed_by","0.427419","0","0"
"RFK_L6_R3","TaskJavaGUI","indexed_by","0.427419","0","0"
"RFK_L6_R4","JavaGUILinkedScreens","indexed_by","0.427419","0","0"
"RFK_L7_R1","JavaEvents","indexed_by","0.427419","0","0"
"RFK_L7_R2","JavaEventListener","indexed_by","0.427419","0","0"
"RFK_L7_R3","JavaTaskEventHandlerListener","indexed_by","0.427419","0","0"
"RFK_L7_R4","JavaEventTypes","indexed_by","0.427419","0","0"
"RFK_L8_R1","JavaTryCatch","indexed_by","0.427419","0","0"
"RFK_L8_R2","JavaExceptions","indexed_by","0.427419","0","0"
"RFK_L8_R3","TaskJavaExceptions","indexed_by","0.427419","0","0"
"RFK_L8_R4","JavaExceptionTypes","indexed_by","0.427419","0","0"
"RFK_L9_R1","JavaFiles","indexed_by","0.427419","0","0"
"RFK_L9_R2","JavaIOStreams","indexed_by","0.427419","0","0"
"RFK_L9_R3","JavaDelimiters","indexed_by","0.427419","0","0"
"RF_GE_BloackGame","IK_GE_BlockGame","indexed_by","0.427419","0","0"
"RF_GE_Motrain","IK_GE_Motrain","indexed_by","0.427419","0","0"
"RF_GE_STash","IK_GE_stash","indexed_by","0.427419","0","0"
"ReferenceKey1","DataTypes","indexed_by","0.427419","0","0"
"Reflective","ProcessingPole","subClassOf","0.548387","0","0"
"Reward","GameElementResource","subClassOf","0.548387","0","0"
"Sara","Sara_12","has_user_account","0.024194","0","0"
"Sara","ObjectOrientedProgramming","teaches","0.008065","0","0"
"Sara","Princeton_University","works_in","0.008065","0","0"
"Sara","Participation","hasBehaviouralObjective","0.008065","0","0"
"Sara","Beginner","hasGamificationExperience","0.024194","0","0"
"Sara","PO1","hasObjective","0.008065","0","1"
"Sara","effectively_use_the_built-in_data_types","hasObjective","0.008065","0","1"
"Sara","recognizing_the_properties_of_the_built-in_data_types","hasObjective","0.008065","0","1"
"Sara_12","OOPTeachers","member_of","0.024194","0","0"
"ScorePoints","Points","subClassOf","0.548387","0","0"
"ScorePointsLeaderboard","Leaderboard","subClassOf","0.548387","0","0"
"Sensitive","PerceptionPole","subClassOf","0.548387","0","0"
"Sequential","UnderstandingPole","subClassOf","0.548387","0","0"
"Single_level_inheritance","RFK_L4_R2","has_reference","0.266129","0","0"
"Single_level_inheritance","Extend_Keyword","hasPreResource","0.298387","0","0"
"SocialPoints","Points","subClassOf","0.548387","0","0"
"SocialPointsLeaderboard","Leaderboard","subClassOf","0.548387","0","0"
"Stash","RF_GE_STash","has_reference","0.266129","0","0"
"Static_Keyword","RFK_L3_R4","has_reference","0.266129","0","0"
"Static_Keyword","This_Keyword","hasPreResource","0.298387","0","0"
"Static_functions","RFK_L3_R6","has_reference","0.266129","0","0"
"Story","GameElementResource","subClassOf","0.548387","0","0"
"Strings","RFK_L1_R2","has_reference","0.266129","0","0"
"Strings","Stash","containsGameElement","0.120968","0","1"
"Strings","Variables","hasPreResource","0.298387","0","0"
"Super_Keyword","RFK_L4_R4","has_reference","0.266129","0","0"
"Super_Keyword","Multi-level_inheritance","hasPreResource","0.298387","0","0"
"TaskJavaClassesMethod","OOPCourseCommunity","is_visible_for","0.435484","0","0"
"TaskJavaClassesObjects","OOPCourseCommunity","is_visible_for","0.435484","0","0"
"TaskJavaExceptions","OOPCourseCommunity","is_visible_for","0.435484","0","0"
"TaskJavaGUI","OOPCourseCommunity","is_visible_for","0.435484","0","0"
"TaskJavaInheritance","OOPCourseCommunity","is_visible_for","0.435484","0","0"
"TaskJavaPolymorphism","OOPCourseCommunity","is_visible_for","0.435484","0","0"
"Task_about_Classes_and_Objects","RFK_L2_R6","has_reference","0.266129","0","0"
"Task_about_Classes_and_Objects","Access_Modifiers","hasPreResource","0.298387","0","0"
"Task_about_Event_Handler_and_Listener","Event_Listeners","hasPreResource","0.298387","0","0"
"Task_about_Exception_Handling","Exceptions","hasPreResource","0.298387","0","0"
"Task_about_GUI","Java_FX","hasPreResource","0.298387","0","0"
"Task_about_Inheritance","RFK_L4_R6","has_reference","0.266129","0","0"
"Task_about_Inheritance","Inheritance_vs_Composition","hasPreResource","0.298387","0","0"
"Task_about_Input_and_Output_Streams","Files","hasPreResource","0.298387","0","0"
"Task_about_Java_Basics","RFK_L1_R6","has_reference","0.266129","0","0"
"Task_about_Java_Basics","BLockGame","containsGameElement","0.120968","0","1"
"Task_about_Java_Basics","Level_Up","containsGameElement","0.120968","0","1"
"Task_about_Java_Basics","Stash","containsGameElement","0.120968","0","1"
"Task_about_Java_Basics","Loops","hasPreResource","0.298387","0","0"
"Task_about_Polymorphism","Overriding","hasPreResource","0.298387","0","0"
"TeacherGroupB","MathCoursesCommunity","usergroup_of","0.016129","0","0"
"TechnologicalKnowledge","Knowledge","subClassOf","0.548387","0","0"
"This_Keyword","RFK_L3_R3","has_reference","0.266129","0","0"
"This_Keyword","Constructors","hasPreResource","0.298387","0","0"
"Timer","GameElementResource","subClassOf","0.548387","0","0"
"Tiny_stash","RFK_GE_TinyStash","has_reference","0.266129","0","0"
"Try_and_Catch","Event_Handler_and_Listener","hasPreResource","0.298387","0","0"
"Variables","RFK_L1_R1","has_reference","0.266129","0","0"
"Variables","Level_Up","containsGameElement","0.120968","0","1"
"Variables","Tiny_stash","containsGameElement","0.120968","0","1"
"Verbal","InputPole","subClassOf","0.548387","0","0"
"Verbal","Visual","disjointWith","0.032258","0","0"
"Visual","InputPole","subClassOf","0.548387","0","0"
"aboutEducationalTopic","COntentKnowledge","domain","1.0","0","0"
"aboutEducationalTopic","EducationalTopic","range","0.629032","0","0"
"containsGameElement","CompositeResource","domain","1.0","0","0"
"containsGameElement","GamifiedResource","domain","1.0","0","0"
"containsGameElement","GameElementResource","range","0.629032","0","0"
"demo_GR1","Level_Up","containsGameElement","0.120968","0","1"
"demo_GR2","Availability_Block_Game_by_level","containsGameElement","0.120968","0","1"
"designLesson","Teacher","domain","1.0","0","0"
"designLesson","SpatialThing","domain","1.0","0","0"
"designLesson","Lesson","range","0.629032","0","0"
"designedWithObjective","GamifiedResource","domain","1.0","0","0"
"designedWithObjective","Objective","range","0.629032","0","0"
"experienceLevel","Teacher","domain","1.0","0","0"
"experienceLevel","unsignedInt","range","0.629032","0","0"
"gr","bonusPoints","containsGameElement","0.120968","0","1"
"hasBehaviouralObjective","Teacher","domain","1.0","0","0"
"hasBehaviouralObjective","BehaviouralObjective","range","0.629032","0","0"
"hasBehaviouralObjective","hasObjective","subPropertyOf","0.145161","0","0"
"hasEducationalTopic","EducationalTopic","range","0.629032","0","0"
"hasExperience","Person","domain","1.0","0","0"
"hasExperience","Teacher","domain","1.0","0","0"
"hasExperience","Person","domain","1.0","0","0"
"hasGamificationExperience","Teacher","domain","1.0","0","0"
"hasGamificationExperience","Experience","range","0.629032","0","0"
"hasGamificationExperience","GamificationExperience","range","0.629032","0","0"
"hasGamificationExperience","hasExperience","subPropertyOf","0.145161","0","0"
"hasInputPole","Learner","domain","1.0","0","0"
"hasInputPole","SpatialThing","domain","1.0","0","0"
"hasInputPole","InputPole","range","0.629032","0","0"
"hasInputPole","hasLearningStyle","subPropertyOf","0.145161","0","0"
"hasKnowledge","Agent","domain","1.0","0","0"
"hasKnowledge","Person","domain","1.0","0","0"
"hasKnowledge","Person","domain","1.0","0","0"
"hasKnowledge","Teacher","domain","1.0","0","0"
"hasKnowledge","Person","domain","1.0","0","0"
"hasKnowledge","Agent","domain","1.0","0","0"
"hasKnowledge","Knowledge","range","0.629032","0","0"
"hasLearningStyle","Learner","domain","1.0","0","0"
"hasLearningStyle","LearningStyle","range","0.629032","0","0"
"hasName","Resource","domain","1.0","0","0"
"hasName","string","range","0.629032","0","0"
"hasObjective","Teacher","domain","1.0","0","0"
"hasObjective","Agent","domain","1.0","0","0"
"hasObjective","Objective","range","0.629032","0","0"
"hasPaymentPreference","Audience","domain","1.0","0","0"
"hasPaymentPreference","string","range","0.629032","0","0"
"hasPedagogicalExperience","hasExperience","subPropertyOf","0.145161","0","0"
"hasPedagogicalObjective","Teacher","domain","1.0","0","0"
"hasPedagogicalObjective","BehaviouralObjective","range","0.629032","0","0"
"hasPedagogicalObjective","hasObjective","subPropertyOf","0.145161","0","0"
"hasPerceptionPole","Learner","domain","1.0","0","0"
"hasPerceptionPole","Person","domain","1.0","0","0"
"hasPerceptionPole","PerceptionPole","range","0.629032","0","0"
"hasPerceptionPole","hasLearningStyle","subPropertyOf","0.145161","0","0"
"hasPreLesson","Lesson","domain","1.0","0","0"
"hasPreLesson","Lesson","range","0.629032","0","0"
"hasPreResource","Resource","domain","1.0","0","0"
"hasPreResource","Resource","range","0.629032","0","0"
"hasProcessingPole","Person","domain","1.0","0","0"
"hasProcessingPole","Learner","domain","1.0","0","0"
"hasProcessingPole","Person","domain","1.0","0","0"
"hasProcessingPole","ProcessingPole","range","0.629032","0","0"
"hasProcessingPole","hasLearningStyle","subPropertyOf","0.145161","0","0"
"hasRelevantGameElement","GamifiedResource","domain","1.0","0","0"
"hasRelevantGameElement","GameElementResource","range","0.629032","0","0"
"hasTargetAudience","Course","domain","1.0","0","0"
"hasTargetAudience","Audience","range","0.629032","0","0"
"hasUnderstandingPole","Learner","domain","1.0","0","0"
"hasUnderstandingPole","Person","domain","1.0","0","0"
"hasUnderstandingPole","UnderstandingPole","range","0.629032","0","0"
"hasUnderstandingPole","hasLearningStyle","subPropertyOf","0.145161","0","0"
"has_EducationalLevel","Audience","domain","1.0","0","0"
"has_EducationalLevel","string","range","0.629032","0","0"
"has_Experience_Level","Teacher","domain","1.0","0","0"
"has_Experience_Level","Literal","range","0.629032","0","0"
"has_LearningPace","Course","domain","1.0","0","0"
"has_LearningPace","nonNegativeInteger","range","0.629032","0","0"
"has_PlayingStyle","Teacher","domain","1.0","0","0"
"has_PlayingStyle","Person","domain","1.0","0","0"
"has_PlayingStyle","string","range","0.629032","0","0"
"has_Priority","GamifiedResource","domain","1.0","0","0"
"has_Priority","string","range","0.629032","0","0"
"has_Purpose","GamifiedResource","domain","1.0","0","0"
"has_Purpose","string","range","0.629032","0","0"
"has_Rating","Course","domain","1.0","0","0"
"has_Rating","nonNegativeInteger","range","0.629032","0","0"
"has_TeachingLanguage","Course","domain","1.0","0","0"
"has_TeachingLanguage","string","range","0.629032","0","0"
"has_TotalCompletionHours","Course","domain","1.0","0","0"
"has_TotalCompletionHours","nonNegativeInteger","range","0.629032","0","0"
"has_TotalEnrollment","Course","domain","1.0","0","0"
"has_TotalEnrollment","nonNegativeInteger","range","0.629032","0","0"
"has_TranslationLanguage","Course","domain","1.0","0","0"
"has_TranslationLanguage","string","range","0.629032","0","0"
"has_URL","SimpleResource","domain","1.0","0","0"
"has_URL","GameElementResource","domain","1.0","0","0"
"has_URL","anyURI","range","0.629032","0","0"
"has_description","GameElementResource","domain","1.0","0","0"
"has_description","string","range","0.629032","0","0"
"has_duration","Resource","domain","1.0","0","0"
"has_duration","nonNegativeInteger","range","0.629032","0","0"
"has_latestRelease","GameElementResource","domain","1.0","0","0"
"has_latestRelease","nonNegativeInteger","range","0.629032","0","0"
"has_latestVersion","GameElementResource","domain","1.0","0","0"
"has_latestVersion","string","range","0.629032","0","0"
"has_title","GameElementResource","domain","1.0","0","0"
"has_title","string","range","0.629032","0","0"
"has_totalDownloads","GameElementResource","domain","1.0","0","0"
"has_totalDownloads","nonNegativeInteger","range","0.629032","0","0"
"has_totalLikes","GameElementResource","domain","1.0","0","0"
"has_totalLikes","nonNegativeInteger","range","0.629032","0","0"
"has_totalSites","GameElementResource","domain","1.0","0","0"
"has_totalSites","nonNegativeInteger","range","0.629032","0","0"
"hasgamificationExperienceLevel","GamificationExperience","domain","1.0","0","0"
"hasgamificationExperienceLevel","Literal","range","0.629032","0","0"
"indexKey","Resource","domain","1.0","0","0"
"indexKey","has_Place","subPropertyOf","0.145161","0","0"
"isComposedOf","Audience","domain","1.0","0","0"
"isComposedOf","Person","range","0.629032","0","0"
"isMoreExpertThan","Teacher","domain","1.0","0","0"
"isMoreExpertThan","Teacher","range","0.629032","0","0"
"isRelevantFor","GamifiedResource","domain","1.0","0","0"
"isRelevantFor","Teacher","range","0.629032","0","0"
"offersCourse","EducationalInstitution","domain","1.0","0","0"
"offersCourse","Course","range","0.629032","0","0"
"onlineCourse","Course","subClassOf","0.548387","0","0"
"requiresKnowledge","GamificationKnowledge","domain","1.0","0","0"
"requiresKnowledge","TechnologicalKnowledge","range","0.629032","0","0"
"taskJavaBasics","OOPCourseCommunity","is_visible_for","0.435484","0","0"
"Person","Person","subClassOf","0.548387","0","0"
"ReflexiveProperty","Property","subClassOf","0.548387","0","0"
"cardinality","Class","domain","1.0","0","0"
"hasSelf","Resource","domain","1.0","0","0"
"hasValue","Class","domain","1.0","0","0"
"oneOf","Resource","domain","1.0","0","0"
"adr","Address","range","0.629032","0","0"
"key","hasKey","subPropertyOf","0.145161","0","0"
"n","Error2","domain","1.0","0","0"
"n","VCard","domain","1.0","0","0"
"wasAssociatedWith","Agent","range","0.629032","0","0"
"Group","Group","subClassOf","0.548387","0","0"
"Image","Document","subClassOf","0.548387","0","0"
"accountServiceHomepage","Resource","range","0.629032","0","0"
"depiction","Document","range","0.629032","0","0"
"depiction","Image","range","0.629032","0","0"
"depicts","ImageObject","domain","1.0","0","0"
"depicts","Resource","domain","1.0","0","0"
"familyName","SpatialThing","domain","1.0","0","0"
"family_name","Agent","domain","1.0","0","0"
"family_name","Agent","domain","1.0","0","0"
"firstName","Agent","domain","1.0","0","0"
"geekcode","Agent","domain","1.0","0","0"
"icqChatID","Agent","domain","1.0","0","0"
"icqChatID","Agent","domain","1.0","0","0"
"img","Resource","range","0.629032","0","0"
"interest","Document","range","0.629032","0","0"
"isPrimaryTopicOf","Document","range","0.629032","0","0"
"lastName","Agent","domain","1.0","0","0"
"lastName","Agent","domain","1.0","0","0"
"made","Agent","domain","1.0","0","0"
"member","Agent","domain","1.0","0","0"
"member","Agent","range","0.629032","0","0"
"msnChatID","Agent","domain","1.0","0","0"
"msnChatID","Agent","domain","1.0","0","0"
"openid","Agent","domain","1.0","0","0"
"pastProject","Person","domain","1.0","0","0"
"plan","Person","domain","1.0","0","0"
"publications","Agent","domain","1.0","0","0"
"schoolHomepage","SpatialThing","domain","1.0","0","0"
"skypeID","Agent","domain","1.0","0","0"
"thumbnail","ImageObject","domain","1.0","0","0"
"thumbnail","ImageObject","range","0.629032","0","0"
"topic","Document","domain","1.0","0","0"
"topic","Resource","domain","1.0","0","0"
"weblog","Agent","domain","1.0","0","0"
"weblog","Agent","domain","1.0","0","0"
"workInfoHomepage","Person","domain","1.0","0","0"
"workplaceHomepage","SpatialThing","domain","1.0","0","0"
"workplaceHomepage","Resource","range","0.629032","0","0"
