node,type,agg_score,has_totalLikes_raw,has_totalDownloads_raw,has_totalSites_raw
Level_Up,Level,1.0,610.0,3146.0,10037.0
Stash,Reward,0.917244,2003.0,1227.0,736.0
BLockGame,Badge,0.129353,70.0,460.0,1009.0
Tiny_stash,Reward,0.041552,1.0,221.0,63.0
"The targeted audience of a targeted course has targeted educational level to be beginner, intermefdiate, or advanced",unknown,0.0,,,
has_actor,unknown,0.0,,,
TaskJavaExceptions,IndexKey,0.0,,,
contains_forum_post,unknown,0.0,,,
thumbnail,unknown,0.0,,,
_:b224,IndividualPropertyAtom,0.0,,,
_:b132,AtomList,0.0,,,
the latest version released for this game element,unknown,0.0,,,
ressource bonus pour la leçon 5 Méthodes et constructeurs de classe,unknown,0.0,,,
Task_about_Polymorphism,GamifiedResource,0.0,,,
_:b266,AtomList,0.0,,,
pages,AnnotationProperty,0.0,,,
img,unknown,0.0,,,
Mike,Teacher,0.0,,,
_:b126,Imp,0.0,,,
Event_Listeners,GamifiedResource,0.0,,,
_:b131,IndividualPropertyAtom,0.0,,,
bonus material for lesson 2 classes and objects,unknown,0.0,,,
leçon 3 du cours Programmation Orientée Objet,unknown,0.0,,,
_:b11,Class,0.0,,,
socializer,NamedIndividual|_:b18,0.0,,,
_:b245,Imp,0.0,,,
Total number of likes granted for this game element,unknown,0.0,,,
_:b194,AtomList,0.0,,,
_:b221,AtomList,0.0,,,
distributor,ObjectProperty,0.0,,,
firstName,AnnotationProperty,0.0,,,
LearningStyle,Class,0.0,,,
JavaInheritanceComposition,IndexKey,0.0,,,
RFK_L7_R1,ReferenceKey,0.0,,,
_:b136,ClassAtom,0.0,,,
Error1,Class,0.0,,,
RFK_L8_R4,ReferenceKey,0.0,,,
Stimulus,unknown,0.0,,,
offersCourse,TransitiveProperty,0.0,,,
_:b12,Class,0.0,,,
_:b274,IndividualPropertyAtom,0.0,,,
_:b223,AtomList,0.0,,,
has_EndDate,unknown,0.0,,,
hasPart,unknown,0.0,,,
id,AnnotationProperty,0.0,,,
has_Place,unknown,0.0,,,
RFK_L7_R4,ReferenceKey,0.0,,,
Overloading,GamifiedResource,0.0,,,
JavaTryCatch,IndexKey,0.0,,,
_:b171,ClassAtom,0.0,,,
JavaGUIElements,IndexKey,0.0,,,
has_TotalCompletionHours,DatatypeProperty,0.0,,,
True,unknown,0.0,,,
court,AnnotationProperty,0.0,,,
indexed_by,unknown,0.0,,,
_:b82,List,0.0,,,
OnlineAccount,unknown,0.0,,,
brief description of the game element purpose,unknown,0.0,,,
Interactive_Content_–_H5P,GameElementResource,0.0,,,
JavaEventTypes,IndexKey,0.0,,,
_:b72,List,0.0,,,
_:b191,IndividualPropertyAtom,0.0,,,
RF_GE_BloackGame,ReferenceKey,0.0,,,
_:b29,Restriction,0.0,,,
_:b100,DatavaluedPropertyAtom,0.0,,,
RFK_L5_R2,ReferenceKey,0.0,,,
Lesson,unknown,0.0,,,
bonus resource for lesson 8 Exception Handling,unknown,0.0,,,
bonus resource for lesson 7 Event Handler and Listener,unknown,0.0,,,
RFK_L6_R3,ReferenceKey,0.0,,,
Objective,Class,0.0,,,
_:b27,Restriction,0.0,,,
Motivation,unknown,0.0,,,
hasPedagogicalObjective,ObjectProperty,0.0,,,
_:b242,AtomList,0.0,,,
skypeID,AnnotationProperty,0.0,,,
_:b41,Restriction,0.0,,,
_:b200,AtomList,0.0,,,
Property,unknown,0.0,,,
_:b216,IndividualPropertyAtom,0.0,,,
COntentKnowledge,Class,0.0,,,
schoolHomepage,AnnotationProperty,0.0,,,
JavaExtend,IndexKey,0.0,,,
_:b112,AtomList,0.0,,,
Item,unknown,0.0,,,
RFK_L7_R2,ReferenceKey,0.0,,,
accountServiceHomepage,unknown,0.0,,,
_:b55,unknown,0.0,,,
_:b256,ClassAtom,0.0,,,
_:b134,IndividualPropertyAtom,0.0,,,
_:b248,ClassAtom,0.0,,,
JavaClassInstance,IndexKey,0.0,,,
TaskJavaGUI,IndexKey,0.0,,,
RFK_L3_R1,ReferenceKey,0.0,,,
_:b74,Imp,0.0,,,
_:b21,unknown,0.0,,,
_:b15,Restriction,0.0,,,
_:b114,AtomList,0.0,,,
_:b156,AtomList,0.0,,,
hasValue,AnnotationProperty,0.0,,,
_:b271,ClassAtom,0.0,,,
_:b273,DatavaluedPropertyAtom,0.0,,,
3.16.0,unknown,0.0,,,
bonus resource for lesson 5 Class Methods and Constructors,unknown,0.0,,,
link exxperience level with number: expert=4,unknown,0.0,,,
Input_and_Output_Stream,Lesson,0.0,,,
demo_GR2,GamifiedResource,0.0,,,
Sensor,unknown,0.0,,,
_:b26,unknown,0.0,,,
_:b202,ClassAtom,0.0,,,
_:b283,List,0.0,,,
Sofia,Learner,0.0,,,
_:b1,Restriction,0.0,,,
RFK_L2_R1,ReferenceKey,0.0,,,
_:b80,AtomList,0.0,,,
RFK_L1_R1,ReferenceKey,0.0,,,
SpatialThing,unknown,0.0,,,
JavaAccessModifiers,IndexKey,0.0,,,
_:b36,Class,0.0,,,
_:b262,ClassAtom,0.0,,,
RFK_L2_R5,ReferenceKey,0.0,,,
_:b95,AtomList,0.0,,,
_:b189,AtomList,0.0,,,
BehaviouralObjective,Class,0.0,,,
InputPole,Class,0.0,,,
"has priority to either essential or bonus to be accessed by the learner.
This priority is decided by the teacher for the resource.",unknown,0.0,,,
ProgressBar,Class,0.0,,,
_:b280,IndividualPropertyAtom,0.0,,,
Reflective,Class,0.0,,,
Princeton_University,EducationalInstitution,0.0,,,
Intuitive,Class,0.0,,,
_:b46,unknown,0.0,,,
isPropertyOf,unknown,0.0,,,
has_type,unknown,0.0,,,
_:b62,Restriction,0.0,,,
weblog,AnnotationProperty,0.0,,,
_:b215,ClassAtom,0.0,,,
_:b272,AtomList,0.0,,,
lesson 4 for the course Object Oriented Programming,unknown,0.0,,,
_:b71,List,0.0,,,
_:b164,unknown,0.0,,,
issue,AnnotationProperty,0.0,,,
_:b47,Restriction,0.0,,,
Beginner,GamificationExperience,0.0,,,
l2,Variable,0.0,,,
_:b279,AtomList,0.0,,,
translator,ObjectProperty,0.0,,,
"Enables teachers to create items that students can collect, providing an interactive experience where students find items across the course.",unknown,0.0,,,
onlineCourse,Class,0.0,,,
Buil-in_Data_Types,GamifiedResource,0.0,,,
_:b141,AtomList,0.0,,,
hasPreLesson,ReflexiveProperty,0.0,,,
_:b226,ClassAtom,0.0,,,
_:b101,AtomList,0.0,,,
ProcessingPole,Class,0.0,,,
pp,Variable,0.0,,,
has_preLesson,ObjectProperty,0.0,,,
_:b275,Imp,0.0,,,
_:b163,unknown,0.0,,,
leçon 5 du cours Programmation Orientée Objet,unknown,0.0,,,
_:b261,List,0.0,,,
JavafunctionTypes,IndexKey,0.0,,,
_:b169,IndividualPropertyAtom,0.0,,,
the title of the game element,unknown,0.0,,,
has_user_account,unknown,0.0,,,
Group,unknown,0.0,,,
_:b199,Imp,0.0,,,
_:b214,AtomList,0.0,,,
_:b99,AtomList,0.0,,,
PedagogicalKnowledge,Class,0.0,,,
e,Variable,0.0,,,
_:b135,AtomList,0.0,,,
Functions,GamifiedResource,0.0,,,
_:b249,AtomList,0.0,,,
_:b90,ClassAtom,0.0,,,
isRelevantFor,ObjectProperty,0.0,,,
depicts,AnnotationProperty,0.0,,,
System,unknown,0.0,,,
TechnologicalKnowledge,Class,0.0,,,
Badge,Class,0.0,,,
ReferenceKey1,ReferenceKey,0.0,,,
_:b212,AtomList,0.0,,,
Creating_linked_screens,GamifiedResource,0.0,,,
TaskJavaClassesMethod,IndexKey,0.0,,,
IK_GE_Motrain,IndexKey,0.0,,,
Competition,NamedIndividual,0.0,,,
Thesis,Class,0.0,,,
Class_Methods_and_Constructors,Lesson,0.0,,,
Slide,Class,0.0,,,
_:b165,DatavaluedPropertyAtom,0.0,,,
lesson 8 for the course Object Oriented Programming,unknown,0.0,,,
hasBehaviouralObjective,ObjectProperty,0.0,,,
_:b150,AtomList,0.0,,,
taskJavaBasics,IndexKey,0.0,,,
hasInputPole,ObjectProperty,0.0,,,
Container,unknown,0.0,,,
Visual,Class,0.0,,,
section,AnnotationProperty,0.0,,,
RFK_L6_R1,ReferenceKey,0.0,,,
GamificationExperience,Class,0.0,,,
Packages,GamifiedResource,0.0,,,
_:b213,IndividualPropertyAtom,0.0,,,
Parent_classes,GamifiedResource,0.0,,,
_:b264,Imp,0.0,,,
JavaExceptionTypes,IndexKey,0.0,,,
_:b182,ClassAtom,0.0,,,
JavaArgumentsParameters,IndexKey,0.0,,,
linking bonus resources with teaaccher exploration objective,unknown,0.0,,,
RFK_L2_R6,ReferenceKey,0.0,,,
2.1.1,unknown,0.0,,,
Timer,Class,0.0,,,
_:b269,IndividualPropertyAtom,0.0,,,
_:b73,ClassAtom,0.0,,,
tbox,Ontology,0.0,,,
Availability_Block_Game_by_level,Level,0.0,,,
_:b197,List,0.0,,,
_:b81,BuiltinAtom,0.0,,,
link exxperience level with number: expert=2,unknown,0.0,,,
b,Variable,0.0,,,
_:b65,AtomList,0.0,,,
Game,GameElementResource,0.0,,,
_:b129,ClassAtom,0.0,,,
usergroup_of,AnnotationProperty,0.0,,,
age,AnnotationProperty,0.0,,,
Files,GamifiedResource,0.0,,,
member_of,AnnotationProperty,0.0,,,
gamified resource contains one or more game elements,unknown,0.0,,,
RFK_L5_R4,ReferenceKey,0.0,,,
Achievement,Class,0.0,,,
SocialPoints,Class,0.0,,,
_:b3,Restriction,0.0,,,
Class,unknown,0.0,,,
_:b60,Restriction,0.0,,,
RFK_L3_R2,ReferenceKey,0.0,,,
exercisse of lesson 2 Classes and Objects,unknown,0.0,,,
depiction,unknown,0.0,,,
_:b115,ClassAtom,0.0,,,
_:b185,unknown,0.0,,,
EducationalTopic,Class,0.0,,,
_:b35,Restriction,0.0,,,
_:b37,unknown,0.0,,,
_:b88,ClassAtom,0.0,,,
Agent,unknown,0.0,,,
cites,ObjectProperty,0.0,,,
PedagogicalObjective,Class,0.0,,,
_:b257,AtomList,0.0,,,
demo_GR1,GamifiedResource,0.0,,,
_:b252,ClassAtom,0.0,,,
RFK_GE_TinyStash,ReferenceKey,0.0,,,
create_organization,unknown,0.0,,,
_:b172,AtomList,0.0,,,
_:b255,AtomList,0.0,,,
e2,Variable,0.0,,,
"the playing style the teacher prefers, it is either ""explorer"", ""achiever"", ""philanthropest"", or ""socializer""",unknown,0.0,,,
_:b260,List,0.0,,,
isComposedOf,ObjectProperty,0.0,,,
UnderstandingPole,Class,0.0,,,
_:b18,Restriction,0.0,,,
_:b96,ClassAtom,0.0,,,
Assessment,unknown,0.0,,,
_:b238,ClassAtom,0.0,,,
bonus,unknown,0.0,,,
consists_of,unknown,0.0,,,
_:b87,AtomList,0.0,,,
JavaOverloadedConstructors,IndexKey,0.0,,,
_:b281,AtomList,0.0,,,
_:b118,AtomList,0.0,,,
_:b192,AtomList,0.0,,,
A companion plugin for block_stash. This allows you to create items and trades from the TinyMCE editor to be inserted into the activities in your course,unknown,0.0,,,
_:b148,Imp,0.0,,,
n,unknown,0.0,,,
RFK_L8_R1,ReferenceKey,0.0,,,
recognizing_the_properties_of_the_built-in_data_types,PedagogicalObjective,0.0,,,
_:b70,BuiltinAtom,0.0,,,
lesson 2 for the course Object Oriented Programming,unknown,0.0,,,
has_title,DatatypeProperty,0.0,,,
RFK_L1_R2,ReferenceKey,0.0,,,
_:b102,DatavaluedPropertyAtom,0.0,,,
RFK_L5_R1,ReferenceKey,0.0,,,
_:b254,IndividualPropertyAtom,0.0,,,
_:b250,IndividualPropertyAtom,0.0,,,
_:b198,DatavaluedPropertyAtom,0.0,,,
Sampler,unknown,0.0,,,
_:b117,Imp,0.0,,,
_:b243,ClassAtom,0.0,,,
ObservableProperty,unknown,0.0,,,
RFK_L4_R6,ReferenceKey,0.0,,,
lesson 6 for the course Object Oriented Programming,unknown,0.0,,,
ressource bonus pour la leçon 9 Flux d'entrée et de sortie,unknown,0.0,,,
workplaceHomepage,unknown,0.0,,,
topic,AnnotationProperty,0.0,,,
has_owner,unknown,0.0,,,
Allows the user to choose or change their avatar at any time.,unknown,0.0,,,
_:b24,Class,0.0,,,
_:b38,unknown,0.0,,,
_:b76,AtomList,0.0,,,
JavaArithmeticOperations,IndexKey,0.0,,,
has_PlayingStyle,DatatypeProperty,0.0,,,
OOPTeachers,FreeGroup,0.0,,,
Constructors,GamifiedResource,0.0,,,
works_in,unknown,0.0,,,
"the teacher defines the purpose of the resource as either for ""lecturing"" or for ""assessment""",unknown,0.0,,,
isRuleEnabled,AnnotationProperty,0.0,,,
_:b181,AtomList,0.0,,,
_:b142,IndividualPropertyAtom,0.0,,,
_:b244,ClassAtom,0.0,,,
Quizventure,GameElementResource,0.0,,,
Global,Class,0.0,,,
nil,unknown,0.0,,,
RFK_L9_R2,ReferenceKey,0.0,,,
_:b103,AtomList,0.0,,,
TaskJavaPolymorphism,IndexKey,0.0,,,
_:b69,AtomList,0.0,,,
_:b157,AtomList,0.0,,,
_:b241,AtomList,0.0,,,
has_URL,DatatypeProperty,0.0,,,
Entity,unknown,0.0,,,
_:b144,ClassAtom,0.0,,,
gep,Variable,0.0,,,
The duration in minutes of a single resource,unknown,0.0,,,
RFK_L4_R5,ReferenceKey,0.0,,,
_:b166,Imp,0.0,,,
RFK_L8_R2,ReferenceKey,0.0,,,
RFK_L5_R5,ReferenceKey,0.0,,,
interacts,unknown,0.0,,,
JavaMultiInheritance,IndexKey,0.0,,,
isPrimaryTopicOf,unknown,0.0,,,
Novice,NamedIndividual,0.0,,,
_:b227,IndividualPropertyAtom,0.0,,,
RF_GE_STash,ReferenceKey,0.0,,,
determine iof the teacher's objective is behavioural objective,unknown,0.0,,,
hasSelf,AnnotationProperty,0.0,,,
Deployment,unknown,0.0,,,
_:b19,unknown,0.0,,,
_:b58,unknown,0.0,,,
_:b146,AtomList,0.0,,,
icqChatID,AnnotationProperty,0.0,,,
_:b50,Restriction,0.0,,,
achiever,NamedIndividual|_:b15,0.0,,,
was_generated_by,unknown,0.0,,,
GamificationKnowledge,Class,0.0,,,
member,unknown,0.0,,,
_:b54,unknown,0.0,,,
has_EducationalLevel,DatatypeProperty,0.0,,,
nonNegativeInteger,unknown,0.0,,,
requiresKnowledge,ObjectProperty,0.0,,,
_:b209,AtomList,0.0,,,
Motrain,GameElementResource,0.0,,,
_:b130,AtomList,0.0,,,
Audience_A,Audience,0.0,,,
_:b67,AtomList,0.0,,,
_:b79,IndividualPropertyAtom,0.0,,,
_:b104,BuiltinAtom,0.0,,,
is_part_of,unknown,0.0,,,
Control_Statements,GamifiedResource,0.0,,,
lesson 5 for the course Object Oriented Programming,unknown,0.0,,,
_:b285,ClassAtom,0.0,,,
_:b154,ClassAtom,0.0,,,
t,Variable,0.0,,,
Course,unknown,0.0,,,
has_usergroup,AnnotationProperty,0.0,,,
has_member,unknown,0.0,,,
has_moderator,unknown,0.0,,,
Challenge,Class,0.0,,,
GE_TinyStash,ReferenceKey,0.0,,,
shared_by,unknown,0.0,,,
1.0,unknown,0.0,,,
BonusPoints,Class,0.0,,,
"ressource bonus pour la leçon 7 ""Event Handler and Listener""",unknown,0.0,,,
locator,AnnotationProperty,0.0,,,
topDataProperty,ObjectProperty,0.0,,,
has_bag,unknown,0.0,,,
_:b217,AtomList,0.0,,,
plan,AnnotationProperty,0.0,,,
leçon 4 du cours Programmation Orientée Objet,unknown,0.0,,,
lesson 9 for the course Object Oriented Programming,unknown,0.0,,,
_:b259,AtomList,0.0,,,
RFK_L2_R4,ReferenceKey,0.0,,,
_:b207,IndividualPropertyAtom,0.0,,,
ressource bonus pour la leçon 4 Méthodes et constructeurs de classe,unknown,0.0,,,
Person,unknown,0.0,,,
_:b84,ClassAtom,0.0,,,
has_Rating,DatatypeProperty,0.0,,,
hasUnderstandingPole,ObjectProperty,0.0,,,
JavaStaticFunctions,IndexKey,0.0,,,
philanthropest,NamedIndividual|_:b17,0.0,,,
_:b44,unknown,0.0,,,
_:b120,ClassAtom,0.0,,,
_:b193,ClassAtom,0.0,,,
_:b277,AtomList,0.0,,,
Explorer,unknown,0.0,,,
Essential,unknown,0.0,,,
_:b64,AtomList,0.0,,,
interest,unknown,0.0,,,
Sequential,Class,0.0,,,
_:b10,Restriction,0.0,,,
RFK_L3_R5,ReferenceKey,0.0,,,
Single_level_inheritance,GamifiedResource,0.0,,,
has_latestVersion,DatatypeProperty,0.0,,,
_:b52,Restriction,0.0,,,
JavaIf,IndexKey,0.0,,,
_:b178,AtomList,0.0,,,
IK2,IndexKey,0.0,,,
_:b121,AtomList,0.0,,,
block_xp,unknown,0.0,,,
Function_Types,GamifiedResource,0.0,,,
Advanced,unknown,0.0,,,
This_Keyword,GamifiedResource,0.0,,,
Story,Class,0.0,,,
RDV,unknown,0.0,,,
_:b177,Imp,0.0,,,
_:b168,AtomList,0.0,,,
t2,Variable,0.0,,,
VCard,unknown,0.0,,,
_:b43,unknown,0.0,,,
User,unknown,0.0,,,
hasLearningStyle,ObjectProperty,0.0,,,
Arithmetic_operations,Resource,0.0,,,
JavaSingleInheritance,IndexKey,0.0,,,
_:b147,ClassAtom,0.0,,,
_:b152,AtomList,0.0,,,
_:b75,AtomList,0.0,,,
_:b119,AtomList,0.0,,,
_:b30,Class,0.0,,,
ObjectOrientedProgramming,onlineCourse,0.0,,,
fgiasson,Agent,0.0,,,
o,Variable,0.0,,,
Bonus,NamedIndividual,0.0,,,
r,Variable,0.0,,,
_:b108,Imp,0.0,,,
Java_FX,GamifiedResource,0.0,,,
SimpleResource,unknown,0.0,,,
avatar,AnnotationProperty,0.0,,,
_:b106,unknown,0.0,,,
_:b222,ClassAtom,0.0,,,
visual,InputPole,0.0,,,
UserAccount,unknown,0.0,,,
ExperiencePointsLeaderboard,Class,0.0,,,
block_game,unknown,0.0,,,
Total number of downloads done for this game elemnent,unknown,0.0,,,
has_Purpose,DatatypeProperty,0.0,,,
cardinality,AnnotationProperty,0.0,,,
JavaSuper,IndexKey,0.0,,,
has_competency,unknown,0.0,,,
Sara_12,UserAccount,0.0,,,
_:b40,unknown,0.0,,,
tiny_stash,unknown,0.0,,,
Learner,unknown,0.0,,,
RF_GE_Motrain,ReferenceKey,0.0,,,
hasDeployment,unknown,0.0,,,
Inheritance_vs_Composition,GamifiedResource,0.0,,,
has_container,unknown,0.0,,,
JavaStatic,IndexKey,0.0,,,
_:b123,AtomList,0.0,,,
_:b175,unknown,0.0,,,
JavaForWhile,IndexKey,0.0,,,
_:b284,List,0.0,,,
ReflexiveProperty,unknown,0.0,,,
RFK_L5_R3,ReferenceKey,0.0,,,
DataTypes,IndexKey,0.0,,,
stringEqualIgnoreCase,unknown,0.0,,,
_:b17,Restriction,0.0,,,
_:b230,Imp,0.0,,,
subclass to class,unknown,0.0,,,
_:b125,DatavaluedPropertyAtom,0.0,,,
hasTarget,unknown,0.0,,,
the original language inwhich the course is created with,unknown,0.0,,,
_:b149,AtomList,0.0,,,
_:b83,List,0.0,,,
Active,Class,0.0,,,
JavaFX,IndexKey,0.0,,,
reversedBy,ObjectProperty,0.0,,,
Task_about_Inheritance,GamifiedResource,0.0,,,
_:b63,Imp,0.0,,,
leçon 7 du cours Programmation Orientée Objet,unknown,0.0,,,
has_description,FunctionalProperty,0.0,,,
Gamified resource that contains score leaderboard game element must contain score points game element,unknown,0.0,,,
JavaPackages,IndexKey,0.0,,,
JavaEvents,IndexKey,0.0,,,
Arrays,GamifiedResource,0.0,,,
TaskJavaInheritance,IndexKey,0.0,,,
_:b187,DatavaluedPropertyAtom,0.0,,,
containsGameElement,TransitiveProperty,0.0,,,
GameElementResource,Class,0.0,,,
FeatureOfInterest,unknown,0.0,,,
Map,Class,0.0,,,
_:b253,AtomList,0.0,,,
created_at,AnnotationProperty,0.0,,,
Feedback,Class,0.0,,,
space_of,unknown,0.0,,,
_:b183,AtomList,0.0,,,
Exception_Handling,Lesson,0.0,,,
RFK_L4_R4,ReferenceKey,0.0,,,
JavaExceptions,IndexKey,0.0,,,
RFK_L3_R3,ReferenceKey,0.0,,,
_:b97,AtomList,0.0,,,
Loops,GamifiedResource,0.0,,,
Inheritance,Lesson,0.0,,,
_:b282,BuiltinAtom,0.0,,,
shortDescription,AnnotationProperty,0.0,,,
Exception_Types,GamifiedResource,0.0,,,
_:b57,unknown,0.0,,,
_:b107,IndividualPropertyAtom,0.0,,,
designedWithObjective,TransitiveProperty,0.0,,,
_:b151,IndividualPropertyAtom,0.0,,,
has_Priority,DatatypeProperty,0.0,,,
"the url of the game elment where it can be downloaded. In addition, this url contains information of the game elemnt.",unknown,0.0,,,
_:b23,unknown,0.0,,,
_:b162,BuiltinAtom,0.0,,,
about_modify,unknown,0.0,,,
_:b180,IndividualPropertyAtom,0.0,,,
_:b263,IndividualPropertyAtom,0.0,,,
_:b179,AtomList,0.0,,,
content_encoded,AnnotationProperty,0.0,,,
is_processed_by,unknown,0.0,,,
RFK_L1_R3,ReferenceKey,0.0,,,
has_LearningPace,DatatypeProperty,0.0,,,
Overloaded_constructors,GamifiedResource,0.0,,,
_:b51,unknown,0.0,,,
made,AnnotationProperty,0.0,,,
_:b137,Imp,0.0,,,
JavaArrays,IndexKey,0.0,,,
lastName,AnnotationProperty,0.0,,,
editor,ObjectProperty,0.0,,,
has_creator,unknown,0.0,,,
has_host,unknown,0.0,,,
Arguments_and_parameters,GamifiedResource,0.0,,,
has_question,unknown,0.0,,,
has_parent,unknown,0.0,,,
madeBySensor,unknown,0.0,,,
RFK_L4_R3,ReferenceKey,0.0,,,
family-name,unknown,0.0,,,
Variables,GamifiedResource,0.0,,,
_:b85,Imp,0.0,,,
Exceptions,GamifiedResource,0.0,,,
wasAssociatedWith,ObjectProperty,0.0,,,
Polymorphism,Lesson,0.0,,,
annotates,AnnotationProperty,0.0,,,
_:b203,AtomList,0.0,,,
CompositeResource,unknown,0.0,,,
Lesson 1 of course Object oriented programming,unknown,0.0,,,
number,AnnotationProperty,0.0,,,
Built-in Data Types,unknown,0.0,,,
_:b184,BuiltinAtom,0.0,,,
hasKey,AnnotationProperty,0.0,,,
Verbal,Class,0.0,,,
Vcard,unknown,0.0,,,
_:b233,ClassAtom,0.0,,,
hasName,DatatypeProperty,0.0,,,
JavaEventListener,IndexKey,0.0,,,
_:b7,Restriction,0.0,,,
JavaFiles,IndexKey,0.0,,,
_:b225,AtomList,0.0,,,
_:b109,AtomList,0.0,,,
_:b139,AtomList,0.0,,,
IK_GE_TinyStash,IndexKey,0.0,,,
_:b22,unknown,0.0,,,
Usergroup,unknown,0.0,,,
anyURI,unknown,0.0,,,
num_threads,AnnotationProperty,0.0,,,
CreativeWork,unknown,0.0,,,
rating of course from 0 to 5.,unknown,0.0,,,
Points,Class,0.0,,,
Gamified resource that contains experience leaderboard game element must contain experience points game element,unknown,0.0,,,
Sara,Person,0.0,,,
_:b158,IndividualPropertyAtom,0.0,,,
l1,Variable,0.0,,,
given-name,unknown,0.0,,,
_:b247,AtomList,0.0,,,
RFK_L1_R5,ReferenceKey,0.0,,,
_:b78,AtomList,0.0,,,
Strings,GamifiedResource,0.0,,,
workInfoHomepage,AnnotationProperty,0.0,,,
_:b93,AtomList,0.0,,,
_:b160,ClassAtom,0.0,,,
_:b237,AtomList,0.0,,,
the number of weeks since the latest release of the game element version,unknown,0.0,,,
JavaArrayOfInstances,IndexKey,0.0,,,
designLesson,ObjectProperty,0.0,,,
Document,unknown,0.0,,,
_:b231,AtomList,0.0,,,
CollectedDocument,unknown,0.0,,,
Representes the numeric value equivaent to the teache's gamification experience level,unknown,0.0,,,
Audience,Class,0.0,,,
_:b161,AtomList,0.0,,,
_:b20,unknown,0.0,,,
RFK_L9_R1,ReferenceKey,0.0,,,
_:b173,BuiltinAtom,0.0,,,
bonus material for lesson 1 java basics,unknown,0.0,,,
t1,Variable,0.0,,,
AcademicArticle,Class,0.0,,,
Manuscript,Class,0.0,,,
has_body_for_annotation,unknown,0.0,,,
Adam_Phil,UserAccount,0.0,,,
RFK_L6_R2,ReferenceKey,0.0,,,
_:b42,Class,0.0,,,
_:b61,Restriction,0.0,,,
isMoreExpertThan,ObjectProperty,0.0,,,
_:b251,AtomList,0.0,,,
Resource,unknown,0.0,,,
_:b31,unknown,0.0,,,
Task_about_GUI,GamifiedResource,0.0,,,
_:b77,ClassAtom,0.0,,,
leçon 6 du cours Programmation Orientée Objet,unknown,0.0,,,
_:b2,Class,0.0,,,
Whether it is flexible or has certain deadlines,unknown,0.0,,,
ScorePointsLeaderboard,Class,0.0,,,
chapter,AnnotationProperty,0.0,,,
RFK_L3_R4,ReferenceKey,0.0,,,
_:b124,ClassAtom,0.0,,,
Literal,unknown,0.0,,,
_:b276,AtomList,0.0,,,
_:b33,Restriction,0.0,,,
Task_about_Event_Handler_and_Listener,GamifiedResource,0.0,,,
startingPage,AnnotationProperty,0.0,,,
SocialPointsLeaderboard,Class,0.0,,,
Kind,unknown,0.0,,,
creator_of,AnnotationProperty,0.0,,,
pastProject,AnnotationProperty,0.0,,,
LevelGE,ReferenceKey,0.0,,,
Super_Keyword,GamifiedResource,0.0,,,
LegalDocument,Class,0.0,,,
geekcode,AnnotationProperty,0.0,,,
_:b28,unknown,0.0,,,
_:b116,DatavaluedPropertyAtom,0.0,,,
hasPreResource,ReflexiveProperty,0.0,,,
_:b188,Imp,0.0,,,
bonus resource for lesson 9 Input and Output Stream,unknown,0.0,,,
Linking leaderboard to resources with objective competition,unknown,0.0,,,
Static_Keyword,GamifiedResource,0.0,,,
_:b174,unknown,0.0,,,
effectively_use_the_built-in_data_types,PedagogicalObjective,0.0,,,
ressource bonus pour la leçon 8 Gestion des exceptions,unknown,0.0,,,
CreateUser,unknown,0.0,,,
"index key for the resource ""Java FX""",unknown,0.0,,,
integrated this game element,unknown,0.0,,,
identifier,AnnotationProperty,0.0,,,
contain_resource,ObjectProperty,0.0,,,
PO1,PedagogicalObjective,0.0,,,
gr,GamifiedResource,0.0,,,
edition,AnnotationProperty,0.0,,,
DeleteResourceActivity,unknown,0.0,,,
_:b34,unknown,0.0,,,
_:b53,unknown,0.0,,,
EducationalInstitution,unknown,0.0,,,
Adam,Teacher,0.0,,,
hasObjective,TransitiveProperty,0.0,,,
_:b8,Class,0.0,,,
Leaderboard,Class,0.0,,,
_:b219,Imp,0.0,,,
Task_about_Input_and_Output_Streams,GamifiedResource,0.0,,,
has_duration,DatatypeProperty,0.0,,,
_:b94,IndividualPropertyAtom,0.0,,,
TaskJavaClassesObjects,IndexKey,0.0,,,
_:b140,ClassAtom,0.0,,,
_:b220,AtomList,0.0,,,
Classes_and_Objects,Lesson,0.0,,,
issuer,ObjectProperty,0.0,,,
JavaVariables,IndexKey,0.0,,,
Identify the more expert teacher between two teachers,unknown,0.0,,,
experienceLevel,DatatypeProperty,0.0,,,
oneOf,AnnotationProperty,0.0,,,
has_Experience_Level,DatatypeProperty,0.0,,,
EditedBook,Class,0.0,,,
minQualifiedCardinality,AnnotationProperty,0.0,,,
aboutEducationalTopic,ObjectProperty,0.0,,,
partOf,unknown,0.0,,,
_:b145,IndividualPropertyAtom,0.0,,,
Film,Class,0.0,,,
adr,unknown,0.0,,,
e1,Variable,0.0,,,
Address,unknown,0.0,,,
_:b127,AtomList,0.0,,,
_:b239,ClassAtom,0.0,,,
leçon 2 du cours Programmation Orientée Objet,unknown,0.0,,,
pageStart,AnnotationProperty,0.0,,,
has_TotalEnrollment,DatatypeProperty,0.0,,,
RFK_L7_R3,ReferenceKey,0.0,,,
GamifiedResource,Class,0.0,,,
_:b6,Restriction,0.0,,,
hasSubSystem,unknown,0.0,,,
_:b206,ClassAtom,0.0,,,
JavaThis,IndexKey,0.0,,,
Tom,Learner,0.0,,,
unsignedInt,unknown,0.0,,,
JavaConstructors,IndexKey,0.0,,,
ip,Variable,0.0,,,
JavaTaskEventHandlerListener,IndexKey,0.0,,,
_:b153,ClassAtom,0.0,,,
family_name,AnnotationProperty,0.0,,,
_:b204,IndividualPropertyAtom,0.0,,,
gel,Variable,0.0,,,
3.0.0,unknown,0.0,,,
RFK_L4_R1,ReferenceKey,0.0,,,
has_target,unknown,0.0,,,
ge,Variable,0.0,,,
Lecturing,NamedIndividual,0.0,,,
_:b92,IndividualPropertyAtom,0.0,,,
Class_Instance,GamifiedResource,0.0,,,
RFK_L6_R4,ReferenceKey,0.0,,,
honorific-suffix,unknown,0.0,,,
IK_GE_BlockGame,IndexKey,0.0,,,
has_totalLikes,DatatypeProperty,0.0,,,
IK_GE_LevelUp,IndexKey,0.0,,,
_:b246,AtomList,0.0,,,
hasRelevantGameElement,ObjectProperty,0.0,,,
_:b39,Restriction,0.0,,,
MathCoursesCommunity,Space,0.0,,,
has_totalSites,DatatypeProperty,0.0,,,
_:b14,Restriction,0.0,,,
Java_Basics,Lesson,0.0,,,
hasGamificationExperience,ObjectProperty,0.0,,,
RFK_L1_R4,ReferenceKey,0.0,,,
Tiny Stash,unknown,0.0,,,
PerceptionPole,Class,0.0,,,
_:b13,Restriction,0.0,,,
_:b270,AtomList,0.0,,,
_:b268,AtomList,0.0,,,
_:b240,Imp,0.0,,,
msnChatID,AnnotationProperty,0.0,,,
Access_Modifiers,GamifiedResource,0.0,,,
_:b111,ClassAtom,0.0,,,
honorific-prefix,unknown,0.0,,,
_:b25,unknown,0.0,,,
TeacherGroupB,FreeGroup,0.0,,,
content,AnnotationProperty,0.0,,,
_:b235,Imp,0.0,,,
_:b228,AtomList,0.0,,,
has_latestRelease,DatatypeProperty,0.0,,,
Chat,unknown,0.0,,,
_:b59,Restriction,0.0,,,
Bill,Class,0.0,,,
ScorePoints,Class,0.0,,,
GE,Variable,0.0,,,
familyName,AnnotationProperty,0.0,,,
has_TeachingLanguage,DatatypeProperty,0.0,,,
_:b68,IndividualPropertyAtom,0.0,,,
_:b89,AtomList,0.0,,,
_:b208,Imp,0.0,,,
Sensitive,Class,0.0,,,
_:b234,ClassAtom,0.0,,,
Hint,Class,0.0,,,
Task_about_Exception_Handling,GamifiedResource,0.0,,,
hasgamificationExperienceLevel,DatatypeProperty,0.0,,,
_:b128,AtomList,0.0,,,
key,AnnotationProperty,0.0,,,
RFK_L1_R7,ReferenceKey,0.0,,,
Collection,Class,0.0,,,
_:b190,AtomList,0.0,,,
check if gr has bonus then voluntary,unknown,0.0,,,
Image,unknown,0.0,,,
objectives the teacher can choose from for each resource to prompt a desired learners’ behaviours when learners interact with that resource.,unknown,0.0,,,
_:b49,unknown,0.0,,,
equal,unknown,0.0,,,
publications,AnnotationProperty,0.0,,,
indexKey,DatatypeProperty,0.0,,,
Reward,Class,0.0,,,
Events,GamifiedResource,0.0,,,
_:b45,Restriction,0.0,,,
detects,unknown,0.0,,,
Block_Game,GameElementResource,0.0,,,
Participation,NamedIndividual,0.0,,,
LegalDecision,Class,0.0,,,
_:b138,AtomList,0.0,,,
Level Up XP,unknown,0.0,,,
leçon 9 du cours Programmation Orientée Objet,unknown,0.0,,,
Error2,Class,0.0,,,
Overriding,GamifiedResource,0.0,,,
_:b170,AtomList,0.0,,,
has_totalDownloads,DatatypeProperty,0.0,,,
"Learners receive points for their actions, visualise their progress, compete with others through a leaderboard, and unlock content based on their individual needs and experiences.",unknown,0.0,,,
JavaGUILinkedScreens,IndexKey,0.0,,,
hasKnowledge,TransitiveProperty,0.0,,,
Gamified resource that contains bonus leaderboard game element must contain bonus points game element,unknown,0.0,,,
Expert,GamificationExperience,0.0,,,
JavaOverloading,IndexKey,0.0,,,
bonusPoints,BonusPoints,0.0,,,
_:b176,DatavaluedPropertyAtom,0.0,,,
Static_functions,GamifiedResource,0.0,,,
string,unknown,0.0,,,
ressource bonus pour la leçon 3 Méthodes et constructeurs de classe,unknown,0.0,,,
hasEducationalTopic,FunctionalProperty,0.0,,,
Knowledge,Class,0.0,,,
total number of learners enrolled to the course throughout the years,unknown,0.0,,,
hasPedagogicalExperience,ObjectProperty,0.0,,,
has_answer,unknown,0.0,,,
has_TranslationLanguage,DatatypeProperty,0.0,,,
_:b195,BuiltinAtom,0.0,,,
hasExperience,ObjectProperty,0.0,,,
RFK_L1_R6,ReferenceKey,0.0,,,
_:b9,Restriction,0.0,,,
JavaOverriding,IndexKey,0.0,,,
_:b98,ClassAtom,0.0,,,
additional-name,unknown,0.0,,,
Task_about_Classes_and_Objects,GamifiedResource,0.0,,,
explorer,NamedIndividual|_:b16,0.0,,,
_:b218,ClassAtom,0.0,,,
_:b105,unknown,0.0,,,
Gamified resource that contains social leaderboard game element must contain social points game element,unknown,0.0,,,
Activity,unknown,0.0,,,
_:b186,unknown,0.0,,,
CreateResourceActivity,unknown,0.0,,,
ExperiencePoints,Class,0.0,,,
Array_of_instances,Resource,0.0,,,
RFK_L2_R3,ReferenceKey,0.0,,,
_:b91,AtomList,0.0,,,
Graphical_User_Interface,Lesson,0.0,,,
hasProcessingPole,ObjectProperty,0.0,,,
Multi-level_inheritance,GamifiedResource,0.0,,,
_:b258,BuiltinAtom,0.0,,,
_:b133,ClassAtom,0.0,,,
lesson 3 for the course Object Oriented Programming,unknown,0.0,,,
subject,AnnotationProperty,0.0,,,
Extend_Keyword,GamifiedResource,0.0,,,
Task_about_Java_Basics,GamifiedResource,0.0,,,
RFK_L2_R2,ReferenceKey,0.0,,,
IK_GE_stash,IndexKey,0.0,,,
Intermediate,Experience,0.0,,,
_:b5,Restriction,0.0,,,
RFK_L2_R7,ReferenceKey,0.0,,,
_:b32,unknown,0.0,,,
has_contact,unknown,0.0,,,
_:b210,AtomList,0.0,,,
_:b211,ClassAtom,0.0,,,
GUI_Elements,GamifiedResource,0.0,,,
JavaStrings,IndexKey,0.0,,,
link exxperience level with number: expert=6,unknown,0.0,,,
l,Variable,0.0,,,
JavaDelimiters,IndexKey,0.0,,,
_:b155,Imp,0.0,,,
_:b167,AtomList,0.0,,,
view_resource,unknown,0.0,,,
Task_about_Class_Methods_and_Constructors,GamifiedResource,0.0,,,
JavaParentClass,IndexKey,0.0,,,
Level,Class,0.0,,,
Space,unknown,0.0,,,
editorList,AnnotationProperty,0.0,,,
bonus resource for lesson 3 Class Methods and Constructors,unknown,0.0,,,
pageEnd,AnnotationProperty,0.0,,,
lesson 7 for the course Object Oriented Programming,unknown,0.0,,,
bonus resource for lesson 4 Class Methods and Constructors,unknown,0.0,,,
RFK_L8_R3,ReferenceKey,0.0,,,
language for the transcript of the course's resources,unknown,0.0,,,
presentedAt,AnnotationProperty,0.0,,,
_:b278,ClassAtom,0.0,,,
_:b0,Restriction,0.0,,,
OOPCourseCommunity,Space,0.0,,,
ImageObject,unknown,0.0,,,
Teacher,unknown,0.0,,,
JavaClassAttributesFunctions,IndexKey,0.0,,,
Exploration,NamedIndividual,0.0,,,
used,unknown,0.0,,,
JavaFunctions,IndexKey,0.0,,,
RFK_L3_R6,ReferenceKey,0.0,,,
resource_340,NamedIndividual,0.0,,,
Delimiters,GamifiedResource,0.0,,,
teaches,unknown,0.0,,,
_:b4,Restriction,0.0,,,
_:b265,AtomList,0.0,,,
Fellowship,NamedIndividual,0.0,,,
_:b236,AtomList,0.0,,,
Experience,Class,0.0,,,
hasPerceptionPole,ObjectProperty,0.0,,,
Number of hours for completing the course,unknown,0.0,,,
_:b159,AtomList,0.0,,,
_:b122,IndividualPropertyAtom,0.0,,,
Event_Handler_and_Listener,Lesson,0.0,,,
hasTargetAudience,ObjectProperty,0.0,,,
openid,AnnotationProperty,0.0,,,
leçon 8 du cours Programmation Orientée Objet,unknown,0.0,,,
_:b196,List,0.0,,,
_:b205,AtomList,0.0,,,
_:b267,ClassAtom,0.0,,,
_:b232,AtomList,0.0,,,
isbn,AnnotationProperty,0.0,,,
greaterThan,unknown,0.0,,,
Try_and_Catch,GamifiedResource,0.0,,,
_:b201,AtomList,0.0,,,
"The course is targeted for audience who have payment preference of either ""free of charge"" or ""with charge""",unknown,0.0,,,
_:b86,AtomList,0.0,,,
RFK_L4_R7,ReferenceKey,0.0,,,
hasPaymentPreference,DatatypeProperty,0.0,,,
_:b56,unknown,0.0,,,
_:b48,Class,0.0,,,
Annotation,unknown,0.0,,,
_:b143,AtomList,0.0,,,
RFK_L9_R3,ReferenceKey,0.0,,,
_:b16,Restriction,0.0,,,
res,Variable,0.0,,,
_:b66,ClassAtom,0.0,,,
Access_Resource_No.340,AccessResourceActivity,0.0,,,
Performance,NamedIndividual,0.0,,,
PedagogicalExperience,Class,0.0,,,
Class_attributes_and_functions,GamifiedResource,0.0,,,
JavaIOStreams,IndexKey,0.0,,,
Error3,Class,0.0,,,
lives_in,unknown,0.0,,,
Event_Types,GamifiedResource,0.0,,,
volume,AnnotationProperty,0.0,,,
_:b229,ClassAtom,0.0,,,
UserGroup,unknown,0.0,,,
RFK_L4_R2,ReferenceKey,0.0,,,
Mike_23,UserAccount,0.0,,,
BonusPointsLeaderboard,Class,0.0,,,
_:b113,IndividualPropertyAtom,0.0,,,
block_stash,unknown,0.0,,,
_:b110,AtomList,0.0,,,
game elements relevant to behavioural objectives,unknown,0.0,,,
