"id","label","primary_type","type_count","out_degree","in_degree","hub_score","authority_score"
"http://org.semanticweb.owlapi/error#Error1","Error1","Class","1","0","3","0.0","1.0"
"http://org.semanticweb.owlapi/error#Error2","Error2","Class","1","0","3","0.0","1.0"
"http://org.semanticweb.owlapi/error#Error3","Error3","Class","1","1","1","0.5","0.5"
"http://prismstandard.org/namespaces/1.2/basic/isbn","isbn","AnnotationProperty","1","2","0","1.0","0.0"
"http://prismstandard.org/namespaces/1.2/basic/issue","issue","AnnotationProperty","1","2","0","1.0","0.0"
"http://prismstandard.org/namespaces/1.2/basic/number","number","AnnotationProperty","1","0","3","0.0","1.0"
"http://prismstandard.org/namespaces/1.2/basic/startingPage","startingPage","AnnotationProperty","1","5","0","1.0","0.0"
"http://prismstandard.org/namespaces/1.2/basic/volume","volume","AnnotationProperty","1","2","0","1.0","0.0"
"http://purl.org/dc/terms/Agent","Agent","","0","0","17","0.0","1.0"
"http://purl.org/dc/terms/partOf","partOf","","0","1","0","1.0","0.0"
"http://purl.org/ontology/bibo/AcademicArticle","AcademicArticle","Class","1","1","0","1.0","0.0"
"http://purl.org/ontology/bibo/Bill","Bill","Class","1","2","0","1.0","0.0"
"http://purl.org/ontology/bibo/CollectedDocument","CollectedDocument","","0","0","1","0.0","1.0"
"http://purl.org/ontology/bibo/Document","Document","","0","0","7","0.0","1.0"
"http://purl.org/ontology/bibo/EditedBook","EditedBook","Class","1","1","0","1.0","0.0"
"http://purl.org/ontology/bibo/Film","Film","Class","1","2","0","1.0","0.0"
"http://purl.org/ontology/bibo/Image","Image","Class","1","0","1","0.0","1.0"
"http://purl.org/ontology/bibo/LegalDecision","LegalDecision","Class","1","1","0","1.0","0.0"
"http://purl.org/ontology/bibo/LegalDocument","LegalDocument","Class","1","1","1","0.5","0.5"
"http://purl.org/ontology/bibo/Manuscript","Manuscript","Class","1","1","0","1.0","0.0"
"http://purl.org/ontology/bibo/Map","Map","Class","1","1","0","1.0","0.0"
"http://purl.org/ontology/bibo/Slide","Slide","Class","1","1","0","1.0","0.0"
"http://purl.org/ontology/bibo/Thesis","Thesis","Class","1","1","0","1.0","0.0"
"http://purl.org/ontology/bibo/annotates","annotates","AnnotationProperty","1","1","0","1.0","0.0"
"http://purl.org/ontology/bibo/chapter","chapter","AnnotationProperty","1","2","0","1.0","0.0"
"http://purl.org/ontology/bibo/cites","cites","ObjectProperty","1","2","0","1.0","0.0"
"http://purl.org/ontology/bibo/content","content","AnnotationProperty","1","2","0","1.0","0.0"
"http://purl.org/ontology/bibo/court","court","AnnotationProperty","1","1","0","1.0","0.0"
"http://purl.org/ontology/bibo/distributor","distributor","ObjectProperty","1","2","0","1.0","0.0"
"http://purl.org/ontology/bibo/edition","edition","AnnotationProperty","1","1","0","1.0","0.0"
"http://purl.org/ontology/bibo/editor","editor","ObjectProperty","1","1","0","1.0","0.0"
"http://purl.org/ontology/bibo/editorList","editorList","AnnotationProperty","1","2","0","1.0","0.0"
"http://purl.org/ontology/bibo/identifier","identifier","AnnotationProperty","1","0","1","0.0","1.0"
"http://purl.org/ontology/bibo/isbn","isbn","AnnotationProperty","1","0","1","0.0","1.0"
"http://purl.org/ontology/bibo/issue","issue","AnnotationProperty","1","1","0","1.0","0.0"
"http://purl.org/ontology/bibo/issuer","issuer","ObjectProperty","1","3","0","1.0","0.0"
"http://purl.org/ontology/bibo/locator","locator","AnnotationProperty","1","0","1","0.0","1.0"
"http://purl.org/ontology/bibo/pageEnd","pageEnd","AnnotationProperty","1","2","0","1.0","0.0"
"http://purl.org/ontology/bibo/pageStart","pageStart","AnnotationProperty","1","1","1","0.5","0.5"
"http://purl.org/ontology/bibo/pages","pages","AnnotationProperty","1","2","0","1.0","0.0"
"http://purl.org/ontology/bibo/presentedAt","presentedAt","AnnotationProperty","1","1","0","1.0","0.0"
"http://purl.org/ontology/bibo/reversedBy","reversedBy","ObjectProperty","1","1","0","1.0","0.0"
"http://purl.org/ontology/bibo/section","section","AnnotationProperty","1","3","0","1.0","0.0"
"http://purl.org/ontology/bibo/shortDescription","shortDescription","AnnotationProperty","1","1","0","1.0","0.0"
"http://purl.org/ontology/bibo/translator","translator","ObjectProperty","1","2","0","1.0","0.0"
"http://purl.org/ontology/bibo/volume","volume","AnnotationProperty","1","0","1","0.0","1.0"
"http://rdfs.org/sioc/ns#Container","Container","","0","0","1","0.0","1.0"
"http://rdfs.org/sioc/ns#Item","Item","","0","0","1","0.0","1.0"
"http://rdfs.org/sioc/ns#Space","Space","","0","0","1","0.0","1.0"
"http://rdfs.org/sioc/ns#User","User","","0","1","3","0.25","0.75"
"http://rdfs.org/sioc/ns#Usergroup","Usergroup","","0","0","1","0.0","1.0"
"http://rdfs.org/sioc/ns#avatar","avatar","AnnotationProperty","1","1","0","1.0","0.0"
"http://rdfs.org/sioc/ns#content_encoded","content_encoded","AnnotationProperty","1","2","0","1.0","0.0"
"http://rdfs.org/sioc/ns#created_at","created_at","AnnotationProperty","1","3","0","1.0","0.0"
"http://rdfs.org/sioc/ns#creator_of","creator_of","AnnotationProperty","1","1","0","1.0","0.0"
"http://rdfs.org/sioc/ns#has_container","has_container","","0","1","0","1.0","0.0"
"http://rdfs.org/sioc/ns#has_creator","has_creator","","0","1","0","1.0","0.0"
"http://rdfs.org/sioc/ns#has_host","has_host","","0","2","0","1.0","0.0"
"http://rdfs.org/sioc/ns#has_member","has_member","","0","1","0","1.0","0.0"
"http://rdfs.org/sioc/ns#has_moderator","has_moderator","","0","1","0","1.0","0.0"
"http://rdfs.org/sioc/ns#has_owner","has_owner","","0","1","0","1.0","0.0"
"http://rdfs.org/sioc/ns#has_parent","has_parent","","0","1","0","1.0","0.0"
"http://rdfs.org/sioc/ns#num_threads","num_threads","AnnotationProperty","1","1","0","1.0","0.0"
"http://rdfs.org/sioc/ns#shared_by","shared_by","","0","1","0","1.0","0.0"
"http://rdfs.org/sioc/ns#space_of","space_of","","0","1","0","1.0","0.0"
"http://rdfs.org/sioc/ns#subject","subject","AnnotationProperty","1","1","0","1.0","0.0"
"http://rdfs.org/sioc/ns#usergroup_of","usergroup_of","AnnotationProperty","1","1","0","1.0","0.0"
"http://schema.org/CreativeWork","CreativeWork","","0","0","10","0.0","1.0"
"http://schema.org/ImageObject","ImageObject","","0","1","3","0.25","0.75"
"http://schema.org/Person","Person","","0","1","3","0.25","0.75"
"http://www.hds.utc.fr/mc2.1/tbox#Activity","Activity","","0","0","1","0.0","1.0"
"http://www.hds.utc.fr/mc2.1/tbox#Space","Space","","0","1","2","0.3333","0.6667"
"http://www.hds.utc.fr/mc2.1/tbox#UserAccount","UserAccount","","0","1","2","0.3333","0.6667"
"http://www.hds.utc.fr/mc2.1/tbox#UserGroup","UserGroup","","0","1","1","0.5","0.5"
"http://www.hds.utc.fr/mc2/tbox","tbox","","0","0","1","0.0","1.0"
"http://www.hds.utc.fr/mc2/tbox#Agent","Agent","","0","0","10","0.0","1.0"
"http://www.hds.utc.fr/mc2/tbox#Annotation","Annotation","","0","1","0","1.0","0.0"
"http://www.hds.utc.fr/mc2/tbox#Chat","Chat","","0","1","0","1.0","0.0"
"http://www.hds.utc.fr/mc2/tbox#CompositeResource","CompositeResource","","0","0","2","0.0","1.0"
"http://www.hds.utc.fr/mc2/tbox#CreateResourceActivity","CreateResourceActivity","","0","1","0","1.0","0.0"
"http://www.hds.utc.fr/mc2/tbox#CreateUser","CreateUser","","0","1","0","1.0","0.0"
"http://www.hds.utc.fr/mc2/tbox#DeleteResourceActivity","DeleteResourceActivity","","0","1","0","1.0","0.0"
"http://www.hds.utc.fr/mc2/tbox#Document","Document","","0","0","15","0.0","1.0"
"http://www.hds.utc.fr/mc2/tbox#Group","Group","","0","0","1","0.0","1.0"
"http://www.hds.utc.fr/mc2/tbox#Person","Person","","0","2","4","0.3333","0.6667"
"http://www.hds.utc.fr/mc2/tbox#RDV","RDV","","0","2","0","1.0","0.0"
"http://www.hds.utc.fr/mc2/tbox#Resource","Resource","","0","0","18","0.0","1.0"
"http://www.hds.utc.fr/mc2/tbox#SimpleResource","SimpleResource","","0","0","14","0.0","1.0"
"http://www.hds.utc.fr/mc2/tbox#Vcard","Vcard","","0","1","0","1.0","0.0"
"http://www.hds.utc.fr/mc2/tbox#about_modify","about_modify","","0","1","0","1.0","0.0"
"http://www.hds.utc.fr/mc2/tbox#contains_forum_post","contains_forum_post","","0","3","0","1.0","0.0"
"http://www.hds.utc.fr/mc2/tbox#create_organization","create_organization","","0","1","0","1.0","0.0"
"http://www.hds.utc.fr/mc2/tbox#hasTarget","hasTarget","","0","1","0","1.0","0.0"
"http://www.hds.utc.fr/mc2/tbox#has_EndDate","has_EndDate","","0","1","0","1.0","0.0"
"http://www.hds.utc.fr/mc2/tbox#has_Place","has_Place","","0","0","1","0.0","1.0"
"http://www.hds.utc.fr/mc2/tbox#has_actor","has_actor","","0","1","0","1.0","0.0"
"http://www.hds.utc.fr/mc2/tbox#has_answer","has_answer","","0","4","0","1.0","0.0"
"http://www.hds.utc.fr/mc2/tbox#has_bag","has_bag","","0","3","0","1.0","0.0"
"http://www.hds.utc.fr/mc2/tbox#has_body_for_annotation","has_body_for_annotation","","0","5","0","1.0","0.0"
"http://www.hds.utc.fr/mc2/tbox#has_competency","has_competency","","0","2","0","1.0","0.0"
"http://www.hds.utc.fr/mc2/tbox#has_contact","has_contact","","0","3","0","1.0","0.0"
"http://www.hds.utc.fr/mc2/tbox#has_question","has_question","","0","2","0","1.0","0.0"
"http://www.hds.utc.fr/mc2/tbox#has_target","has_target","","0","2","0","1.0","0.0"
"http://www.hds.utc.fr/mc2/tbox#has_type","has_type","","0","1","0","1.0","0.0"
"http://www.hds.utc.fr/mc2/tbox#has_user_account","has_user_account","","0","1","0","1.0","0.0"
"http://www.hds.utc.fr/mc2/tbox#indexed_by","indexed_by","","0","1","0","1.0","0.0"
"http://www.hds.utc.fr/mc2/tbox#used","used","","0","1","0","1.0","0.0"
"http://www.hds.utc.fr/mc2/tbox#was_generated_by","was_generated_by","","0","1","0","1.0","0.0"
"http://www.hds.utc.fr/mc2sois/tbox#Activity","Activity","","0","0","4","0.0","1.0"
"http://www.hds.utc.fr/mc2sois/tbox#view_resource","view_resource","","0","1","0","1.0","0.0"
"http://www.hds.utc.fr/tco/tbox#Course","Course","","0","0","10","0.0","1.0"
"http://www.hds.utc.fr/tco/tbox#EducationalInstitution","EducationalInstitution","","0","0","2","0.0","1.0"
"http://www.hds.utc.fr/tco/tbox#Learner","Learner","","0","0","5","0.0","1.0"
"http://www.hds.utc.fr/tco/tbox#Lesson","Lesson","","0","0","5","0.0","1.0"
"http://www.hds.utc.fr/tco/tbox#Person","Person","","0","0","9","0.0","1.0"
"http://www.hds.utc.fr/tco/tbox#Resource","Resource","","0","0","9","0.0","1.0"
"http://www.hds.utc.fr/tco/tbox#Teacher","Teacher","","0","1","13","0.0714","0.9286"
"http://www.hds.utc.fr/tco/tbox#consists_of","consists_of","","0","2","0","1.0","0.0"
"http://www.hds.utc.fr/tco/tbox#contain_resource","contain_resource","ObjectProperty","1","2","0","1.0","0.0"
"http://www.hds.utc.fr/tco/tbox#interacts","interacts","","0","4","0","1.0","0.0"
"http://www.hds.utc.fr/tco/tbox#is_part_of","is_part_of","","0","0","3","0.0","1.0"
"http://www.hds.utc.fr/tco/tbox#lives_in","lives_in","","0","2","0","1.0","0.0"
"http://www.hds.utc.fr/tco/tbox#teaches","teaches","","0","1","0","1.0","0.0"
"http://www.hds.utc.fr/tco/tbox#works_in","works_in","","0","3","0","1.0","0.0"
"http://www.hds.utc.fr/tco/tbox/1.0","1.0","","0","0","1","0.0","1.0"
"http://www.hds.utc.fr/tg/abox#Motrain","Motrain","NamedIndividual","2","1","0","1.0","0.0"
"http://www.hds.utc.fr/tg/abox#Task_about_Class_Methods_and_Constructors","Task_about_Class_Methods_and_Constructors","NamedIndividual","2","2","2","0.5","0.5"
"http://www.hds.utc.fr/tg/tbox","tbox","Ontology","1","3","0","1.0","0.0"
"http://www.hds.utc.fr/tg/tbox#Access_Modifiers","Access_Modifiers","NamedIndividual","2","2","2","0.5","0.5"
"http://www.hds.utc.fr/tg/tbox#Achievement","Achievement","Class","1","1","0","1.0","0.0"
"http://www.hds.utc.fr/tg/tbox#Active","Active","Class","1","2","0","1.0","0.0"
"http://www.hds.utc.fr/tg/tbox#Adam","Adam","NamedIndividual","3","2","0","1.0","0.0"
"http://www.hds.utc.fr/tg/tbox#Adam_Phil","Adam_Phil","NamedIndividual","2","1","1","0.5","0.5"
"http://www.hds.utc.fr/tg/tbox#Arguments_and_parameters","Arguments_and_parameters","NamedIndividual","2","1","2","0.3333","0.6667"
"http://www.hds.utc.fr/tg/tbox#Arithmetic_operations","Arithmetic_operations","NamedIndividual","2","3","1","0.75","0.25"
"http://www.hds.utc.fr/tg/tbox#Array_of_instances","Array_of_instances","NamedIndividual","2","2","2","0.5","0.5"
"http://www.hds.utc.fr/tg/tbox#Arrays","Arrays","NamedIndividual","2","1","1","0.5","0.5"
"http://www.hds.utc.fr/tg/tbox#Audience","Audience","Class","1","0","4","0.0","1.0"
"http://www.hds.utc.fr/tg/tbox#Audience_A","Audience_A","NamedIndividual","2","2","1","0.6667","0.3333"
"http://www.hds.utc.fr/tg/tbox#Availability_Block_Game_by_level","Availability_Block_Game_by_level","NamedIndividual","3","0","1","0.0","1.0"
"http://www.hds.utc.fr/tg/tbox#BLockGame","BLockGame","NamedIndividual","2","1","3","0.25","0.75"
"http://www.hds.utc.fr/tg/tbox#Badge","Badge","Class","1","1","0","1.0","0.0"
"http://www.hds.utc.fr/tg/tbox#Beginner","Beginner","NamedIndividual","2","0","1","0.0","1.0"
"http://www.hds.utc.fr/tg/tbox#BehaviouralObjective","BehaviouralObjective","Class","1","1","2","0.3333","0.6667"
"http://www.hds.utc.fr/tg/tbox#BonusPoints","BonusPoints","Class","1","1","0","1.0","0.0"
"http://www.hds.utc.fr/tg/tbox#BonusPointsLeaderboard","BonusPointsLeaderboard","Class","1","1","0","1.0","0.0"
"http://www.hds.utc.fr/tg/tbox#Buil-in_Data_Types","Buil-in_Data_Types","NamedIndividual","3","7","0","1.0","0.0"
"http://www.hds.utc.fr/tg/tbox#COntentKnowledge","COntentKnowledge","Class","1","1","1","0.5","0.5"
"http://www.hds.utc.fr/tg/tbox#Challenge","Challenge","Class","1","1","0","1.0","0.0"
"http://www.hds.utc.fr/tg/tbox#Class_Instance","Class_Instance","NamedIndividual","2","2","2","0.5","0.5"
"http://www.hds.utc.fr/tg/tbox#Class_Methods_and_Constructors","Class_Methods_and_Constructors","NamedIndividual","2","7","2","0.7778","0.2222"
"http://www.hds.utc.fr/tg/tbox#Class_attributes_and_functions","Class_attributes_and_functions","NamedIndividual","2","1","2","0.3333","0.6667"
"http://www.hds.utc.fr/tg/tbox#Classes_and_Objects","Classes_and_Objects","NamedIndividual","2","8","2","0.8","0.2"
"http://www.hds.utc.fr/tg/tbox#Constructors","Constructors","NamedIndividual","2","2","2","0.5","0.5"
"http://www.hds.utc.fr/tg/tbox#Control_Statements","Control_Statements","NamedIndividual","2","4","2","0.6667","0.3333"
"http://www.hds.utc.fr/tg/tbox#Creating_linked_screens","Creating_linked_screens","NamedIndividual","2","0","1","0.0","1.0"
"http://www.hds.utc.fr/tg/tbox#DataTypes","IK1","NamedIndividual","2","2","1","0.6667","0.3333"
"http://www.hds.utc.fr/tg/tbox#Delimiters","Delimiters","NamedIndividual","2","0","1","0.0","1.0"
"http://www.hds.utc.fr/tg/tbox#EducationalTopic","EducationalTopic","Class","1","0","2","0.0","1.0"
"http://www.hds.utc.fr/tg/tbox#Event_Handler_and_Listener","Event_Handler_and_Listener","NamedIndividual","2","5","4","0.5556","0.4444"
"http://www.hds.utc.fr/tg/tbox#Event_Listeners","Event_Listeners","NamedIndividual","2","1","3","0.25","0.75"
"http://www.hds.utc.fr/tg/tbox#Event_Types","Event_Types","NamedIndividual","2","0","1","0.0","1.0"
"http://www.hds.utc.fr/tg/tbox#Events","Events","NamedIndividual","2","1","1","0.5","0.5"
"http://www.hds.utc.fr/tg/tbox#Exception_Handling","Exception_Handling","NamedIndividual","2","5","3","0.625","0.375"
"http://www.hds.utc.fr/tg/tbox#Exception_Types","Exception_Types","NamedIndividual","2","0","1","0.0","1.0"
"http://www.hds.utc.fr/tg/tbox#Exceptions","Exceptions","NamedIndividual","2","1","2","0.3333","0.6667"
"http://www.hds.utc.fr/tg/tbox#Experience","Experience","Class","1","0","3","0.0","1.0"
"http://www.hds.utc.fr/tg/tbox#ExperiencePoints","ExperiencePoints","Class","1","2","0","1.0","0.0"
"http://www.hds.utc.fr/tg/tbox#ExperiencePointsLeaderboard","ExperiencePointsLeaderboard","Class","1","2","0","1.0","0.0"
"http://www.hds.utc.fr/tg/tbox#Expert","Expert","NamedIndividual","3","0","2","0.0","1.0"
"http://www.hds.utc.fr/tg/tbox#Extend_Keyword","Extend_Keyword","NamedIndividual","2","2","2","0.5","0.5"
"http://www.hds.utc.fr/tg/tbox#Feedback","Feedback","Class","1","1","0","1.0","0.0"
"http://www.hds.utc.fr/tg/tbox#Files","Files","NamedIndividual","2","1","2","0.3333","0.6667"
"http://www.hds.utc.fr/tg/tbox#Function_Types","Function_Types","NamedIndividual","2","2","2","0.5","0.5"
"http://www.hds.utc.fr/tg/tbox#Functions","Functions","NamedIndividual","2","3","2","0.6","0.4"
"http://www.hds.utc.fr/tg/tbox#GUI_Elements","GUI_Elements","NamedIndividual","2","1","2","0.3333","0.6667"
"http://www.hds.utc.fr/tg/tbox#GameElementResource","GameElementResource","Class","1","1","22","0.0435","0.9565"
"http://www.hds.utc.fr/tg/tbox#GamificationExperience","GamificationExperience","Class","1","1","2","0.3333","0.6667"
"http://www.hds.utc.fr/tg/tbox#GamificationKnowledge","GamificationKnowledge","Class","1","1","1","0.5","0.5"
"http://www.hds.utc.fr/tg/tbox#GamifiedResource","GamifiedResource","Class","1","1","6","0.1429","0.8571"
"http://www.hds.utc.fr/tg/tbox#Global","Global","Class","1","2","0","1.0","0.0"
"http://www.hds.utc.fr/tg/tbox#Graphical_User_Interface","Graphical_User_Interface","NamedIndividual","2","5","2","0.7143","0.2857"
"http://www.hds.utc.fr/tg/tbox#Hint","Hint","Class","1","1","0","1.0","0.0"
"http://www.hds.utc.fr/tg/tbox#IK2","IK2","NamedIndividual","2","2","0","1.0","0.0"
"http://www.hds.utc.fr/tg/tbox#IK_GE_BlockGame","IK_GE_BlockGame","NamedIndividual","2","1","1","0.5","0.5"
"http://www.hds.utc.fr/tg/tbox#IK_GE_LevelUp","IK_GE_LevelUp","NamedIndividual","2","1","1","0.5","0.5"
"http://www.hds.utc.fr/tg/tbox#IK_GE_Motrain","IK_GE_Motrain","NamedIndividual","2","1","1","0.5","0.5"
"http://www.hds.utc.fr/tg/tbox#IK_GE_TinyStash","IK_GE_TinyStash","NamedIndividual","2","1","1","0.5","0.5"
"http://www.hds.utc.fr/tg/tbox#IK_GE_stash","IK_GE_stash","NamedIndividual","2","1","1","0.5","0.5"
"http://www.hds.utc.fr/tg/tbox#Inheritance","Inheritance","NamedIndividual","2","8","2","0.8","0.2"
"http://www.hds.utc.fr/tg/tbox#Inheritance_vs_Composition","Inheritance_vs_Composition","NamedIndividual","2","2","2","0.5","0.5"
"http://www.hds.utc.fr/tg/tbox#InputPole","InputPole","Class","1","0","3","0.0","1.0"
"http://www.hds.utc.fr/tg/tbox#Input_and_Output_Stream","Input_and_Output_Stream","NamedIndividual","2","4","1","0.8","0.2"
"http://www.hds.utc.fr/tg/tbox#Intuitive","Intuitive","Class","1","2","0","1.0","0.0"
"http://www.hds.utc.fr/tg/tbox#JavaAccessModifiers","JavaAccessModifiers","NamedIndividual","2","1","1","0.5","0.5"
"http://www.hds.utc.fr/tg/tbox#JavaArgumentsParameters","JavaArgumentsParameters","NamedIndividual","2","1","1","0.5","0.5"
"http://www.hds.utc.fr/tg/tbox#JavaArithmeticOperations","JavaArithmeticOperations","NamedIndividual","2","1","1","0.5","0.5"
"http://www.hds.utc.fr/tg/tbox#JavaArrayOfInstances","JavaArrayOfInstances","NamedIndividual","2","1","1","0.5","0.5"
"http://www.hds.utc.fr/tg/tbox#JavaArrays","JavaArrays","NamedIndividual","2","1","1","0.5","0.5"
"http://www.hds.utc.fr/tg/tbox#JavaClassAttributesFunctions","JavaClassAttributesFunctions","NamedIndividual","2","1","1","0.5","0.5"
"http://www.hds.utc.fr/tg/tbox#JavaClassInstance","JavaClassInstance","NamedIndividual","2","1","1","0.5","0.5"
"http://www.hds.utc.fr/tg/tbox#JavaConstructors","JavaConstructors","NamedIndividual","2","1","1","0.5","0.5"
"http://www.hds.utc.fr/tg/tbox#JavaDelimiters","JavaDelimiters","NamedIndividual","2","1","1","0.5","0.5"
"http://www.hds.utc.fr/tg/tbox#JavaEventListener","JavaEventListener","NamedIndividual","2","1","1","0.5","0.5"
"http://www.hds.utc.fr/tg/tbox#JavaEventTypes","JavaEventTypes","NamedIndividual","2","1","1","0.5","0.5"
"http://www.hds.utc.fr/tg/tbox#JavaEvents","JavaEvents","NamedIndividual","2","1","1","0.5","0.5"
"http://www.hds.utc.fr/tg/tbox#JavaExceptionTypes","JavaExceptionTypes","NamedIndividual","2","1","1","0.5","0.5"
"http://www.hds.utc.fr/tg/tbox#JavaExceptions","JavaExceptions","NamedIndividual","2","1","1","0.5","0.5"
"http://www.hds.utc.fr/tg/tbox#JavaExtend","JavaExtend","NamedIndividual","2","1","1","0.5","0.5"
"http://www.hds.utc.fr/tg/tbox#JavaFX","JavaFX","NamedIndividual","2","1","1","0.5","0.5"
"http://www.hds.utc.fr/tg/tbox#JavaFiles","JavaFiles","NamedIndividual","2","1","1","0.5","0.5"
"http://www.hds.utc.fr/tg/tbox#JavaForWhile","JavaForWhile","NamedIndividual","2","1","1","0.5","0.5"
"http://www.hds.utc.fr/tg/tbox#JavaFunctions","JavaFunctions","NamedIndividual","2","1","2","0.3333","0.6667"
"http://www.hds.utc.fr/tg/tbox#JavaGUIElements","JavaGUIElements","NamedIndividual","2","1","1","0.5","0.5"
"http://www.hds.utc.fr/tg/tbox#JavaGUILinkedScreens","JavaGUILinkedScreens","NamedIndividual","2","1","1","0.5","0.5"
"http://www.hds.utc.fr/tg/tbox#JavaIOStreams","JavaIOStreams","NamedIndividual","2","1","1","0.5","0.5"
"http://www.hds.utc.fr/tg/tbox#JavaIf","JavaIf","NamedIndividual","2","1","1","0.5","0.5"
"http://www.hds.utc.fr/tg/tbox#JavaInheritanceComposition","JavaInheritanceComposition","NamedIndividual","2","1","1","0.5","0.5"
"http://www.hds.utc.fr/tg/tbox#JavaMultiInheritance","JavaMultiInheritance","NamedIndividual","2","1","1","0.5","0.5"
"http://www.hds.utc.fr/tg/tbox#JavaOverloadedConstructors","JavaOverloadedConstructors","NamedIndividual","2","1","1","0.5","0.5"
"http://www.hds.utc.fr/tg/tbox#JavaOverloading","JavaOverloading","NamedIndividual","2","1","1","0.5","0.5"
"http://www.hds.utc.fr/tg/tbox#JavaOverriding","JavaOverriding","NamedIndividual","2","1","1","0.5","0.5"
"http://www.hds.utc.fr/tg/tbox#JavaPackages","JavaPackages","NamedIndividual","2","1","1","0.5","0.5"
"http://www.hds.utc.fr/tg/tbox#JavaParentClass","JavaParentClass","NamedIndividual","2","1","1","0.5","0.5"
"http://www.hds.utc.fr/tg/tbox#JavaSingleInheritance","JavaSingleInheritance","NamedIndividual","2","1","1","0.5","0.5"
"http://www.hds.utc.fr/tg/tbox#JavaStatic","JavaStatic","NamedIndividual","2","1","1","0.5","0.5"
"http://www.hds.utc.fr/tg/tbox#JavaStaticFunctions","JavaStaticFunctions","NamedIndividual","2","1","1","0.5","0.5"
"http://www.hds.utc.fr/tg/tbox#JavaStrings","JavaStrings","NamedIndividual","2","1","1","0.5","0.5"
"http://www.hds.utc.fr/tg/tbox#JavaSuper","JavaSuper","NamedIndividual","2","1","1","0.5","0.5"
"http://www.hds.utc.fr/tg/tbox#JavaTaskEventHandlerListener","JavaTaskEventHandlerListener","NamedIndividual","2","1","1","0.5","0.5"
"http://www.hds.utc.fr/tg/tbox#JavaThis","JavaThis","NamedIndividual","2","1","1","0.5","0.5"
"http://www.hds.utc.fr/tg/tbox#JavaTryCatch","JavaTryCatch","NamedIndividual","2","1","1","0.5","0.5"
"http://www.hds.utc.fr/tg/tbox#JavaVariables","JavaVariables","NamedIndividual","2","1","1","0.5","0.5"
"http://www.hds.utc.fr/tg/tbox#Java_Basics","Java_Basics","NamedIndividual","2","7","2","0.7778","0.2222"
"http://www.hds.utc.fr/tg/tbox#Java_FX","Java_FX","NamedIndividual","2","1","2","0.3333","0.6667"
"http://www.hds.utc.fr/tg/tbox#JavafunctionTypes","JavafunctionTypes","NamedIndividual","2","1","0","1.0","0.0"
"http://www.hds.utc.fr/tg/tbox#Knowledge","Knowledge","Class","1","0","5","0.0","1.0"
"http://www.hds.utc.fr/tg/tbox#Leaderboard","Leaderboard","Class","1","1","4","0.2","0.8"
"http://www.hds.utc.fr/tg/tbox#LearningStyle","LearningStyle","Class","1","0","1","0.0","1.0"
"http://www.hds.utc.fr/tg/tbox#Level","Level","Class","1","1","0","1.0","0.0"
"http://www.hds.utc.fr/tg/tbox#LevelGE","LevelGE","NamedIndividual","2","1","2","0.3333","0.6667"
"http://www.hds.utc.fr/tg/tbox#Level_Up","Level_Up","NamedIndividual","2","1","8","0.1111","0.8889"
"http://www.hds.utc.fr/tg/tbox#Loops","Loops","NamedIndividual","2","3","2","0.6","0.4"
"http://www.hds.utc.fr/tg/tbox#MathCoursesCommunity","MathCoursesCommunity","NamedIndividual","2","1","1","0.5","0.5"
"http://www.hds.utc.fr/tg/tbox#Mike","Mike","NamedIndividual","2","2","0","1.0","0.0"
"http://www.hds.utc.fr/tg/tbox#Mike_23","Mike_23","NamedIndividual","2","1","1","0.5","0.5"
"http://www.hds.utc.fr/tg/tbox#Multi-level_inheritance","Multi-level_inheritance","NamedIndividual","2","3","2","0.6","0.4"
"http://www.hds.utc.fr/tg/tbox#OOPCourseCommunity","OOPCourseCommunity","NamedIndividual","2","0","55","0.0","1.0"
"http://www.hds.utc.fr/tg/tbox#OOPTeachers","OOPTeachers","NamedIndividual","2","1","2","0.3333","0.6667"
"http://www.hds.utc.fr/tg/tbox#ObjectOrientedProgramming","ObjectOrientedProgramming","NamedIndividual","2","10","2","0.8333","0.1667"
"http://www.hds.utc.fr/tg/tbox#Objective","Objective","Class","1","0","4","0.0","1.0"
"http://www.hds.utc.fr/tg/tbox#Overloaded_constructors","Overloaded_constructors","NamedIndividual","2","1","1","0.5","0.5"
"http://www.hds.utc.fr/tg/tbox#Overloading","Overloading","NamedIndividual","2","2","2","0.5","0.5"
"http://www.hds.utc.fr/tg/tbox#Overriding","Overriding","NamedIndividual","2","2","2","0.5","0.5"
"http://www.hds.utc.fr/tg/tbox#PO1","understanding the basic built-in data types","NamedIndividual","2","0","2","0.0","1.0"
"http://www.hds.utc.fr/tg/tbox#Packages","Packages","NamedIndividual","2","2","2","0.5","0.5"
"http://www.hds.utc.fr/tg/tbox#Parent_classes","Parent_classes","NamedIndividual","2","1","1","0.5","0.5"
"http://www.hds.utc.fr/tg/tbox#Participation","Participation","NamedIndividual","1","0","2","0.0","1.0"
"http://www.hds.utc.fr/tg/tbox#PedagogicalExperience","PedagogicalExperience","Class","1","1","0","1.0","0.0"
"http://www.hds.utc.fr/tg/tbox#PedagogicalKnowledge","PedagogicalKnowledge","Class","1","1","0","1.0","0.0"
"http://www.hds.utc.fr/tg/tbox#PedagogicalObjective","PedagogicalObjective","Class","1","1","0","1.0","0.0"
"http://www.hds.utc.fr/tg/tbox#PerceptionPole","PerceptionPole","Class","1","0","3","0.0","1.0"
"http://www.hds.utc.fr/tg/tbox#Points","Points","Class","1","1","4","0.2","0.8"
"http://www.hds.utc.fr/tg/tbox#Polymorphism","Polymorphism","NamedIndividual","2","6","2","0.75","0.25"
"http://www.hds.utc.fr/tg/tbox#Princeton_University","Princeton_University","NamedIndividual","2","1","1","0.5","0.5"
"http://www.hds.utc.fr/tg/tbox#ProcessingPole","ProcessingPole","Class","1","0","3","0.0","1.0"
"http://www.hds.utc.fr/tg/tbox#ProgressBar","ProgressBar","Class","1","1","0","1.0","0.0"
"http://www.hds.utc.fr/tg/tbox#RFK_GE_TinyStash","RFK_GE_TinyStash","NamedIndividual","2","1","1","0.5","0.5"
"http://www.hds.utc.fr/tg/tbox#RFK_L1_R1","RFK_L1_R1","NamedIndividual","2","1","1","0.5","0.5"
"http://www.hds.utc.fr/tg/tbox#RFK_L1_R2","RFK_L1_R2","NamedIndividual","2","1","1","0.5","0.5"
"http://www.hds.utc.fr/tg/tbox#RFK_L1_R3","RFK_L1_R3","NamedIndividual","2","1","1","0.5","0.5"
"http://www.hds.utc.fr/tg/tbox#RFK_L1_R4","RFK_L1_R4","NamedIndividual","2","1","1","0.5","0.5"
"http://www.hds.utc.fr/tg/tbox#RFK_L1_R5","RFK_L1_R5","NamedIndividual","2","1","1","0.5","0.5"
"http://www.hds.utc.fr/tg/tbox#RFK_L1_R6","RFK_L1_R6","NamedIndividual","2","1","2","0.3333","0.6667"
"http://www.hds.utc.fr/tg/tbox#RFK_L1_R7","RFK_L1_R7","NamedIndividual","2","1","0","1.0","0.0"
"http://www.hds.utc.fr/tg/tbox#RFK_L2_R1","RFK_L2_R1","NamedIndividual","2","1","1","0.5","0.5"
"http://www.hds.utc.fr/tg/tbox#RFK_L2_R2","RFK_L2_R2","NamedIndividual","2","1","1","0.5","0.5"
"http://www.hds.utc.fr/tg/tbox#RFK_L2_R3","RFK_L2_R3","NamedIndividual","2","1","1","0.5","0.5"
"http://www.hds.utc.fr/tg/tbox#RFK_L2_R4","RFK_L2_R4","NamedIndividual","2","1","1","0.5","0.5"
"http://www.hds.utc.fr/tg/tbox#RFK_L2_R5","RFK_L2_R5","NamedIndividual","2","1","1","0.5","0.5"
"http://www.hds.utc.fr/tg/tbox#RFK_L2_R6","RFK_L2_R6","NamedIndividual","2","1","1","0.5","0.5"
"http://www.hds.utc.fr/tg/tbox#RFK_L2_R7","RFK_L2_R7","NamedIndividual","2","1","1","0.5","0.5"
"http://www.hds.utc.fr/tg/tbox#RFK_L3_R1","RFK_L3_R1","NamedIndividual","2","1","1","0.5","0.5"
"http://www.hds.utc.fr/tg/tbox#RFK_L3_R2","RFK_L3_R2","NamedIndividual","2","1","1","0.5","0.5"
"http://www.hds.utc.fr/tg/tbox#RFK_L3_R3","RFK_L3_R3","NamedIndividual","2","1","1","0.5","0.5"
"http://www.hds.utc.fr/tg/tbox#RFK_L3_R4","RFK_L3_R4","NamedIndividual","2","1","1","0.5","0.5"
"http://www.hds.utc.fr/tg/tbox#RFK_L3_R5","RFK_L3_R5","NamedIndividual","2","1","1","0.5","0.5"
"http://www.hds.utc.fr/tg/tbox#RFK_L3_R6","RFK_L3_R6","NamedIndividual","2","1","1","0.5","0.5"
"http://www.hds.utc.fr/tg/tbox#RFK_L4_R1","RFK_L4_R1","NamedIndividual","2","1","1","0.5","0.5"
"http://www.hds.utc.fr/tg/tbox#RFK_L4_R2","RFK_L4_R2","NamedIndividual","2","1","1","0.5","0.5"
"http://www.hds.utc.fr/tg/tbox#RFK_L4_R3","RFK_L4_R3","NamedIndividual","2","1","1","0.5","0.5"
"http://www.hds.utc.fr/tg/tbox#RFK_L4_R4","RFK_L4_R4","NamedIndividual","2","1","1","0.5","0.5"
"http://www.hds.utc.fr/tg/tbox#RFK_L4_R5","RFK_L4_R5","NamedIndividual","2","1","1","0.5","0.5"
"http://www.hds.utc.fr/tg/tbox#RFK_L4_R6","RFK_L4_R6","NamedIndividual","2","1","1","0.5","0.5"
"http://www.hds.utc.fr/tg/tbox#RFK_L4_R7","RFK_L4_R7","NamedIndividual","2","1","1","0.5","0.5"
"http://www.hds.utc.fr/tg/tbox#RFK_L5_R1","RFK_L5_R1","NamedIndividual","2","1","0","1.0","0.0"
"http://www.hds.utc.fr/tg/tbox#RFK_L5_R2","RFK_L5_R2","NamedIndividual","2","1","0","1.0","0.0"
"http://www.hds.utc.fr/tg/tbox#RFK_L5_R3","RFK_L5_R3","NamedIndividual","2","1","0","1.0","0.0"
"http://www.hds.utc.fr/tg/tbox#RFK_L5_R4","RFK_L5_R4","NamedIndividual","2","1","0","1.0","0.0"
"http://www.hds.utc.fr/tg/tbox#RFK_L5_R5","RFK_L5_R5","NamedIndividual","2","1","0","1.0","0.0"
"http://www.hds.utc.fr/tg/tbox#RFK_L6_R1","RFK_L6_R1","NamedIndividual","2","1","0","1.0","0.0"
"http://www.hds.utc.fr/tg/tbox#RFK_L6_R2","RFK_L6_R2","NamedIndividual","2","1","0","1.0","0.0"
"http://www.hds.utc.fr/tg/tbox#RFK_L6_R3","RFK_L6_R3","NamedIndividual","2","1","0","1.0","0.0"
"http://www.hds.utc.fr/tg/tbox#RFK_L6_R4","RFK_L6_R4","NamedIndividual","2","1","0","1.0","0.0"
"http://www.hds.utc.fr/tg/tbox#RFK_L7_R1","RFK_L7_R1","NamedIndividual","2","1","0","1.0","0.0"
"http://www.hds.utc.fr/tg/tbox#RFK_L7_R2","RFK_L7_R2","NamedIndividual","2","1","0","1.0","0.0"
"http://www.hds.utc.fr/tg/tbox#RFK_L7_R3","RFK_L7_R3","NamedIndividual","2","1","0","1.0","0.0"
"http://www.hds.utc.fr/tg/tbox#RFK_L7_R4","RFK_L7_R4","NamedIndividual","2","1","0","1.0","0.0"
"http://www.hds.utc.fr/tg/tbox#RFK_L8_R1","RFK_L8_R1","NamedIndividual","2","1","0","1.0","0.0"
"http://www.hds.utc.fr/tg/tbox#RFK_L8_R2","RFK_L8_R2","NamedIndividual","2","1","0","1.0","0.0"
"http://www.hds.utc.fr/tg/tbox#RFK_L8_R3","RFK_L8_R3","NamedIndividual","2","1","0","1.0","0.0"
"http://www.hds.utc.fr/tg/tbox#RFK_L8_R4","RFK_L8_R4","NamedIndividual","2","1","0","1.0","0.0"
"http://www.hds.utc.fr/tg/tbox#RFK_L9_R1","RFK_L9_R1","NamedIndividual","2","1","0","1.0","0.0"
"http://www.hds.utc.fr/tg/tbox#RFK_L9_R2","RFK_L9_R2","NamedIndividual","2","1","0","1.0","0.0"
"http://www.hds.utc.fr/tg/tbox#RFK_L9_R3","RFK_L9_R3","NamedIndividual","2","1","0","1.0","0.0"
"http://www.hds.utc.fr/tg/tbox#RF_GE_BloackGame","RF_GE_BloackGame","NamedIndividual","2","1","1","0.5","0.5"
"http://www.hds.utc.fr/tg/tbox#RF_GE_Motrain","RF_GE_Motrain","NamedIndividual","2","1","1","0.5","0.5"
"http://www.hds.utc.fr/tg/tbox#RF_GE_STash","RF_GE_STash","NamedIndividual","2","1","1","0.5","0.5"
"http://www.hds.utc.fr/tg/tbox#ReferenceKey1","ReferenceKey1","NamedIndividual","2","1","2","0.3333","0.6667"
"http://www.hds.utc.fr/tg/tbox#Reflective","Reflective","Class","1","1","1","0.5","0.5"
"http://www.hds.utc.fr/tg/tbox#Reward","Reward","Class","1","1","0","1.0","0.0"
"http://www.hds.utc.fr/tg/tbox#Sara","Sara","NamedIndividual","4","8","0","1.0","0.0"
"http://www.hds.utc.fr/tg/tbox#Sara_12","Sara_12","NamedIndividual","2","1","1","0.5","0.5"
"http://www.hds.utc.fr/tg/tbox#ScorePoints","ScorePoints","Class","1","1","0","1.0","0.0"
"http://www.hds.utc.fr/tg/tbox#ScorePointsLeaderboard","ScorePointsLeaderboard","Class","1","1","0","1.0","0.0"
"http://www.hds.utc.fr/tg/tbox#Sensitive","Sensitive","Class","1","1","1","0.5","0.5"
"http://www.hds.utc.fr/tg/tbox#Sequential","Sequential","Class","1","1","1","0.5","0.5"
"http://www.hds.utc.fr/tg/tbox#Single_level_inheritance","Single_level_inheritance","NamedIndividual","2","2","2","0.5","0.5"
"http://www.hds.utc.fr/tg/tbox#SocialPoints","SocialPoints","Class","1","1","0","1.0","0.0"
"http://www.hds.utc.fr/tg/tbox#SocialPointsLeaderboard","SocialPointsLeaderboard","Class","1","1","0","1.0","0.0"
"http://www.hds.utc.fr/tg/tbox#Sofia","Sofia","NamedIndividual","3","0","1","0.0","1.0"
"http://www.hds.utc.fr/tg/tbox#Stash","Stash","NamedIndividual","3","1","5","0.1667","0.8333"
"http://www.hds.utc.fr/tg/tbox#Static_Keyword","Static_Keyword","NamedIndividual","2","2","2","0.5","0.5"
"http://www.hds.utc.fr/tg/tbox#Static_functions","Static_functions","NamedIndividual","2","1","1","0.5","0.5"
"http://www.hds.utc.fr/tg/tbox#Story","Story","Class","1","1","0","1.0","0.0"
"http://www.hds.utc.fr/tg/tbox#Strings","Strings","NamedIndividual","2","3","2","0.6","0.4"
"http://www.hds.utc.fr/tg/tbox#Super_Keyword","Super_Keyword","NamedIndividual","2","2","2","0.5","0.5"
"http://www.hds.utc.fr/tg/tbox#TaskJavaClassesMethod","TaskJavaClassesMethod","NamedIndividual","2","1","1","0.5","0.5"
"http://www.hds.utc.fr/tg/tbox#TaskJavaClassesObjects","TaskJavaClassesObjects","NamedIndividual","2","1","1","0.5","0.5"
"http://www.hds.utc.fr/tg/tbox#TaskJavaExceptions","TaskJavaExceptions","NamedIndividual","2","1","1","0.5","0.5"
"http://www.hds.utc.fr/tg/tbox#TaskJavaGUI","TaskJavaGUI","NamedIndividual","2","1","1","0.5","0.5"
"http://www.hds.utc.fr/tg/tbox#TaskJavaInheritance","TaskJavaInheritance","NamedIndividual","2","1","1","0.5","0.5"
"http://www.hds.utc.fr/tg/tbox#TaskJavaPolymorphism","TaskJavaPolymorphism","NamedIndividual","2","1","1","0.5","0.5"
"http://www.hds.utc.fr/tg/tbox#Task_about_Classes_and_Objects","Task_about_Classes_and_Objects","NamedIndividual","2","2","2","0.5","0.5"
"http://www.hds.utc.fr/tg/tbox#Task_about_Event_Handler_and_Listener","Task_about_Event_Handler_and_Listener","NamedIndividual","2","1","0","1.0","0.0"
"http://www.hds.utc.fr/tg/tbox#Task_about_Exception_Handling","Task_about_Exception_Handling","NamedIndividual","2","1","1","0.5","0.5"
"http://www.hds.utc.fr/tg/tbox#Task_about_GUI","Task_about_GUI","NamedIndividual","2","1","2","0.3333","0.6667"
"http://www.hds.utc.fr/tg/tbox#Task_about_Inheritance","Task_about_Inheritance","NamedIndividual","2","2","2","0.5","0.5"
"http://www.hds.utc.fr/tg/tbox#Task_about_Input_and_Output_Streams","Task_about_Input_and_Output_Streams","NamedIndividual","2","1","1","0.5","0.5"
"http://www.hds.utc.fr/tg/tbox#Task_about_Java_Basics","Task_about_Java_Basics","NamedIndividual","2","5","2","0.7143","0.2857"
"http://www.hds.utc.fr/tg/tbox#Task_about_Polymorphism","Task_about_Polymorphism","NamedIndividual","2","1","2","0.3333","0.6667"
"http://www.hds.utc.fr/tg/tbox#TeacherGroupB","TeacherGroupB","NamedIndividual","2","1","2","0.3333","0.6667"
"http://www.hds.utc.fr/tg/tbox#TechnologicalKnowledge","TechnologicalKnowledge","Class","1","1","1","0.5","0.5"
"http://www.hds.utc.fr/tg/tbox#This_Keyword","This_Keyword","NamedIndividual","2","2","2","0.5","0.5"
"http://www.hds.utc.fr/tg/tbox#Timer","Timer","Class","1","1","0","1.0","0.0"
"http://www.hds.utc.fr/tg/tbox#Tiny_stash","Tiny_stash","NamedIndividual","2","1","2","0.3333","0.6667"
"http://www.hds.utc.fr/tg/tbox#Tom","Tom","NamedIndividual","2","0","1","0.0","1.0"
"http://www.hds.utc.fr/tg/tbox#Try_and_Catch","Try_and_Catch","NamedIndividual","2","1","2","0.3333","0.6667"
"http://www.hds.utc.fr/tg/tbox#UnderstandingPole","UnderstandingPole","Class","1","0","3","0.0","1.0"
"http://www.hds.utc.fr/tg/tbox#Variables","Variables","NamedIndividual","2","3","2","0.6","0.4"
"http://www.hds.utc.fr/tg/tbox#Verbal","Verbal","Class","1","2","0","1.0","0.0"
"http://www.hds.utc.fr/tg/tbox#Visual","Visual","Class","1","1","1","0.5","0.5"
"http://www.hds.utc.fr/tg/tbox#aboutEducationalTopic","aboutEducationalTopic","ObjectProperty","1","2","0","1.0","0.0"
"http://www.hds.utc.fr/tg/tbox#bonusPoints","bonusPoints","NamedIndividual","2","0","1","0.0","1.0"
"http://www.hds.utc.fr/tg/tbox#containsGameElement","containsGameElement","ObjectProperty","2","3","0","1.0","0.0"
"http://www.hds.utc.fr/tg/tbox#demo_GR1","demo_GR1","NamedIndividual","2","1","0","1.0","0.0"
"http://www.hds.utc.fr/tg/tbox#demo_GR2","demo_GR2","NamedIndividual","2","1","0","1.0","0.0"
"http://www.hds.utc.fr/tg/tbox#designLesson","designLesson","ObjectProperty","1","3","0","1.0","0.0"
"http://www.hds.utc.fr/tg/tbox#designedWithObjective","designedWithObjective","ObjectProperty","2","2","0","1.0","0.0"
"http://www.hds.utc.fr/tg/tbox#effectively_use_the_built-in_data_types","effectively use the built-in data types","NamedIndividual","2","0","2","0.0","1.0"
"http://www.hds.utc.fr/tg/tbox#experienceLevel","experienceLevel","DatatypeProperty","1","2","0","1.0","0.0"
"http://www.hds.utc.fr/tg/tbox#gr","gr","NamedIndividual","2","1","0","1.0","0.0"
"http://www.hds.utc.fr/tg/tbox#hasBehaviouralObjective","hasBehaviouralObjective","ObjectProperty","1","3","0","1.0","0.0"
"http://www.hds.utc.fr/tg/tbox#hasEducationalTopic","hasEducationalTopic","ObjectProperty","2","1","0","1.0","0.0"
"http://www.hds.utc.fr/tg/tbox#hasExperience","hasExperience","ObjectProperty","1","3","2","0.6","0.4"
"http://www.hds.utc.fr/tg/tbox#hasGamificationExperience","hasGamificationExperience","ObjectProperty","1","4","0","1.0","0.0"
"http://www.hds.utc.fr/tg/tbox#hasInputPole","hasInputPole","ObjectProperty","1","4","0","1.0","0.0"
"http://www.hds.utc.fr/tg/tbox#hasKnowledge","hasKnowledge","ObjectProperty","2","7","0","1.0","0.0"
"http://www.hds.utc.fr/tg/tbox#hasLearningStyle","hasLearningStyle","ObjectProperty","1","2","4","0.3333","0.6667"
"http://www.hds.utc.fr/tg/tbox#hasName","hasName","DatatypeProperty","1","2","0","1.0","0.0"
"http://www.hds.utc.fr/tg/tbox#hasObjective","hasObjective","ObjectProperty","2","3","2","0.6","0.4"
"http://www.hds.utc.fr/tg/tbox#hasPaymentPreference","hasPaymentPreference","DatatypeProperty","1","2","0","1.0","0.0"
"http://www.hds.utc.fr/tg/tbox#hasPedagogicalExperience","hasPedagogicalExperience","ObjectProperty","1","1","0","1.0","0.0"
"http://www.hds.utc.fr/tg/tbox#hasPedagogicalObjective","hasPedagogicalObjective","ObjectProperty","1","3","0","1.0","0.0"
"http://www.hds.utc.fr/tg/tbox#hasPerceptionPole","hasPerceptionPole","ObjectProperty","1","4","0","1.0","0.0"
"http://www.hds.utc.fr/tg/tbox#hasPreLesson","hasPreLesson","ObjectProperty","2","2","0","1.0","0.0"
"http://www.hds.utc.fr/tg/tbox#hasPreResource","hasPreResource","ObjectProperty","2","2","0","1.0","0.0"
"http://www.hds.utc.fr/tg/tbox#hasProcessingPole","hasProcessingPole","ObjectProperty","1","5","0","1.0","0.0"
"http://www.hds.utc.fr/tg/tbox#hasRelevantGameElement","hasRelevantGameElement","ObjectProperty","1","2","0","1.0","0.0"
"http://www.hds.utc.fr/tg/tbox#hasTargetAudience","hasTargetAudience","ObjectProperty","1","2","0","1.0","0.0"
"http://www.hds.utc.fr/tg/tbox#hasUnderstandingPole","hasUnderstandingPole","ObjectProperty","1","4","0","1.0","0.0"
"http://www.hds.utc.fr/tg/tbox#has_EducationalLevel","has_EducationalLevel","DatatypeProperty","1","2","0","1.0","0.0"
"http://www.hds.utc.fr/tg/tbox#has_Experience_Level","has_Experience_Level","DatatypeProperty","1","2","0","1.0","0.0"
"http://www.hds.utc.fr/tg/tbox#has_LearningPace","has_LearningPace","DatatypeProperty","1","2","0","1.0","0.0"
"http://www.hds.utc.fr/tg/tbox#has_PlayingStyle","has_PlayingStyle","ObjectProperty","2","3","0","1.0","0.0"
"http://www.hds.utc.fr/tg/tbox#has_Priority","has_Priority","DatatypeProperty","1","2","0","1.0","0.0"
"http://www.hds.utc.fr/tg/tbox#has_Purpose","has_Purpose","DatatypeProperty","1","2","0","1.0","0.0"
"http://www.hds.utc.fr/tg/tbox#has_Rating","has_Rating","DatatypeProperty","1","2","0","1.0","0.0"
"http://www.hds.utc.fr/tg/tbox#has_TeachingLanguage","has_TeachingLanguage","DatatypeProperty","1","2","0","1.0","0.0"
"http://www.hds.utc.fr/tg/tbox#has_TotalCompletionHours","has_TotalCompletionHours","DatatypeProperty","1","2","0","1.0","0.0"
"http://www.hds.utc.fr/tg/tbox#has_TotalEnrollment","has_TotalEnrollment","DatatypeProperty","1","2","0","1.0","0.0"
"http://www.hds.utc.fr/tg/tbox#has_TranslationLanguage","has_TranslationLanguage","DatatypeProperty","1","2","0","1.0","0.0"
"http://www.hds.utc.fr/tg/tbox#has_URL","has_URL","DatatypeProperty","1","3","0","1.0","0.0"
"http://www.hds.utc.fr/tg/tbox#has_description","has_description","DatatypeProperty","2","2","0","1.0","0.0"
"http://www.hds.utc.fr/tg/tbox#has_duration","has_duration","DatatypeProperty","1","2","0","1.0","0.0"
"http://www.hds.utc.fr/tg/tbox#has_latestRelease","has_latestRelease","DatatypeProperty","1","2","0","1.0","0.0"
"http://www.hds.utc.fr/tg/tbox#has_latestVersion","has_latestVersion","DatatypeProperty","1","2","0","1.0","0.0"
"http://www.hds.utc.fr/tg/tbox#has_title","has_title","DatatypeProperty","1","2","0","1.0","0.0"
"http://www.hds.utc.fr/tg/tbox#has_totalDownloads","has_totalDownloads","DatatypeProperty","1","2","0","1.0","0.0"
"http://www.hds.utc.fr/tg/tbox#has_totalLikes","has_totalLikes","DatatypeProperty","1","2","0","1.0","0.0"
"http://www.hds.utc.fr/tg/tbox#has_totalSites","has_totalSites","DatatypeProperty","1","2","0","1.0","0.0"
"http://www.hds.utc.fr/tg/tbox#hasgamificationExperienceLevel","hasgamificationExperienceLevel","DatatypeProperty","1","2","0","1.0","0.0"
"http://www.hds.utc.fr/tg/tbox#indexKey","indexKey","DatatypeProperty","1","2","0","1.0","0.0"
"http://www.hds.utc.fr/tg/tbox#isComposedOf","isComposedOf","ObjectProperty","1","2","0","1.0","0.0"
"http://www.hds.utc.fr/tg/tbox#isMoreExpertThan","isMoreExpertThan","ObjectProperty","1","2","0","1.0","0.0"
"http://www.hds.utc.fr/tg/tbox#isRelevantFor","isRelevantFor","ObjectProperty","1","2","0","1.0","0.0"
"http://www.hds.utc.fr/tg/tbox#offersCourse","offersCourse","ObjectProperty","2","2","0","1.0","0.0"
"http://www.hds.utc.fr/tg/tbox#onlineCourse","onlineCourse","Class","1","1","0","1.0","0.0"
"http://www.hds.utc.fr/tg/tbox#recognizing_the_properties_of_the_built-in_data_types","recognizing the properties of the built-in data types","NamedIndividual","3","0","2","0.0","1.0"
"http://www.hds.utc.fr/tg/tbox#requiresKnowledge","requiresKnowledge","ObjectProperty","1","2","0","1.0","0.0"
"http://www.hds.utc.fr/tg/tbox#taskJavaBasics","taskJavaBasics","NamedIndividual","2","1","1","0.5","0.5"
"http://www.hds.utc.fr/tg/tbox/1.0","1.0","","0","0","1","0.0","1.0"
"http://www.w3.org/1999/02/22-rdf-syntax-ns#Property","Property","","0","0","1","0.0","1.0"
"http://www.w3.org/2000/01/rdf-schema#Literal","Literal","","0","0","2","0.0","1.0"
"http://www.w3.org/2000/01/rdf-schema#Resource","Resource","","0","0","2","0.0","1.0"
"http://www.w3.org/2000/10/swap/pim/contact#Person","Person","","0","1","6","0.1429","0.8571"
"http://www.w3.org/2001/XMLSchema#anyURI","anyURI","","0","0","1","0.0","1.0"
"http://www.w3.org/2001/XMLSchema#nonNegativeInteger","nonNegativeInteger","","0","0","9","0.0","1.0"
"http://www.w3.org/2001/XMLSchema#string","string","","0","0","11","0.0","1.0"
"http://www.w3.org/2001/XMLSchema#unsignedInt","unsignedInt","","0","0","1","0.0","1.0"
"http://www.w3.org/2002/07/owl#Class","Class","","0","0","2","0.0","1.0"
"http://www.w3.org/2002/07/owl#ReflexiveProperty","ReflexiveProperty","","0","1","0","1.0","0.0"
"http://www.w3.org/2002/07/owl#cardinality","cardinality","AnnotationProperty","1","1","0","1.0","0.0"
"http://www.w3.org/2002/07/owl#hasSelf","hasSelf","AnnotationProperty","1","1","0","1.0","0.0"
"http://www.w3.org/2002/07/owl#hasValue","hasValue","AnnotationProperty","1","1","0","1.0","0.0"
"http://www.w3.org/2002/07/owl#oneOf","oneOf","AnnotationProperty","1","1","0","1.0","0.0"
"http://www.w3.org/2003/01/geo/wgs84_pos#SpatialThing","SpatialThing","","0","0","5","0.0","1.0"
"http://www.w3.org/2006/vcard/ns#Address","Address","","0","0","1","0.0","1.0"
"http://www.w3.org/2006/vcard/ns#Kind","Kind","","0","0","2","0.0","1.0"
"http://www.w3.org/2006/vcard/ns#VCard","VCard","","0","0","1","0.0","1.0"
"http://www.w3.org/2006/vcard/ns#adr","adr","","0","1","0","1.0","0.0"
"http://www.w3.org/2006/vcard/ns#hasKey","hasKey","AnnotationProperty","1","0","1","0.0","1.0"
"http://www.w3.org/2006/vcard/ns#key","key","AnnotationProperty","1","1","0","1.0","0.0"
"http://www.w3.org/2006/vcard/ns#n","n","","0","2","0","1.0","0.0"
"http://www.w3.org/ns/prov#Activity","Activity","","0","0","2","0.0","1.0"
"http://www.w3.org/ns/prov#Agent","Agent","","0","0","10","0.0","1.0"
"http://www.w3.org/ns/prov#Entity","Entity","","0","0","2","0.0","1.0"
"http://www.w3.org/ns/prov#wasAssociatedWith","wasAssociatedWith","ObjectProperty","1","1","0","1.0","0.0"
"http://xmlns.com/foaf/0.1/Agent","Agent","","0","0","4","0.0","1.0"
"http://xmlns.com/foaf/0.1/Document","Document","","0","0","8","0.0","1.0"
"http://xmlns.com/foaf/0.1/Group","Group","","0","1","0","1.0","0.0"
"http://xmlns.com/foaf/0.1/Image","Image","","0","1","1","0.5","0.5"
"http://xmlns.com/foaf/0.1/OnlineAccount","OnlineAccount","","0","0","4","0.0","1.0"
"http://xmlns.com/foaf/0.1/Person","Person","","0","0","3","0.0","1.0"
"http://xmlns.com/foaf/0.1/accountServiceHomepage","accountServiceHomepage","","0","1","0","1.0","0.0"
"http://xmlns.com/foaf/0.1/depiction","depiction","","0","2","0","1.0","0.0"
"http://xmlns.com/foaf/0.1/depicts","depicts","AnnotationProperty","1","2","0","1.0","0.0"
"http://xmlns.com/foaf/0.1/familyName","familyName","AnnotationProperty","1","1","0","1.0","0.0"
"http://xmlns.com/foaf/0.1/family_name","family_name","AnnotationProperty","1","2","0","1.0","0.0"
"http://xmlns.com/foaf/0.1/firstName","firstName","AnnotationProperty","1","1","0","1.0","0.0"
"http://xmlns.com/foaf/0.1/geekcode","geekcode","AnnotationProperty","1","1","0","1.0","0.0"
"http://xmlns.com/foaf/0.1/icqChatID","icqChatID","AnnotationProperty","1","2","0","1.0","0.0"
"http://xmlns.com/foaf/0.1/img","img","","0","1","0","1.0","0.0"
"http://xmlns.com/foaf/0.1/interest","interest","","0","1","0","1.0","0.0"
"http://xmlns.com/foaf/0.1/isPrimaryTopicOf","isPrimaryTopicOf","","0","1","0","1.0","0.0"
"http://xmlns.com/foaf/0.1/lastName","lastName","AnnotationProperty","1","2","0","1.0","0.0"
"http://xmlns.com/foaf/0.1/made","made","AnnotationProperty","1","1","0","1.0","0.0"
"http://xmlns.com/foaf/0.1/member","member","","0","2","0","1.0","0.0"
"http://xmlns.com/foaf/0.1/msnChatID","msnChatID","AnnotationProperty","1","2","0","1.0","0.0"
"http://xmlns.com/foaf/0.1/openid","openid","AnnotationProperty","1","1","0","1.0","0.0"
"http://xmlns.com/foaf/0.1/pastProject","pastProject","AnnotationProperty","1","1","0","1.0","0.0"
"http://xmlns.com/foaf/0.1/plan","plan","AnnotationProperty","1","1","0","1.0","0.0"
"http://xmlns.com/foaf/0.1/publications","publications","AnnotationProperty","1","1","0","1.0","0.0"
"http://xmlns.com/foaf/0.1/schoolHomepage","schoolHomepage","AnnotationProperty","1","1","0","1.0","0.0"
"http://xmlns.com/foaf/0.1/skypeID","skypeID","AnnotationProperty","1","1","0","1.0","0.0"
"http://xmlns.com/foaf/0.1/thumbnail","thumbnail","","0","2","0","1.0","0.0"
"http://xmlns.com/foaf/0.1/topic","topic","AnnotationProperty","1","2","0","1.0","0.0"
"http://xmlns.com/foaf/0.1/weblog","weblog","AnnotationProperty","1","2","0","1.0","0.0"
"http://xmlns.com/foaf/0.1/workInfoHomepage","workInfoHomepage","AnnotationProperty","1","1","0","1.0","0.0"
"http://xmlns.com/foaf/0.1/workplaceHomepage","workplaceHomepage","","0","2","0","1.0","0.0"
